Match demand,Minimize cost,tooltip
40487715.73924065,41.759549968553145,"Generation: 4<br>Type: Minimize curtailments<br>Installed power: 218.89 GW<br>Renewable power: 190.06 GW (302.26 %)<br>Emissions: 15,725.07 Kton CO<sub>2</sub> (75.63 %)<br>Imported energy: 71.35 GWh<br>Exported energy: -42573.54 GWh<br>Net cost: 12,575.85 M€<br>Dumped energy cost: 1,401.82 M€<br>Power PV: 60.79 GW (60540.33702664022)<br>Power wind: 95.15 GW (94726.75198166666)<br>Power CSP: 3.05 GW (745.5101835583664)<br>Match demand = 40,487.72 GWh<br>Minimize cost = 4.18 c€/kWh<br>"
14143652.858736826,48.640217440620646,"Generation: 149<br>Type: Minimize curtailments<br>Installed power: 185.81 GW<br>Renewable power: 156.98 GW (249.65 %)<br>Emissions: 16,067.05 Kton CO<sub>2</sub> (75.10 %)<br>Imported energy: 101.49 GWh<br>Exported energy: -24881.91 GWh<br>Net cost: 14,647.95 M€<br>Dumped energy cost: 507.28 M€<br>Power PV: 25.92 GW (25670.169292245646)<br>Power wind: 82.71 GW (82284.10365440424)<br>Power CSP: 17.28 GW (14977.960706272863)<br>Match demand = 14,143.65 GWh<br>Minimize cost = 4.86 c€/kWh<br>"
14167001.836749928,48.562038622944,"Generation: 149<br>Type: Minimize curtailments<br>Installed power: 185.88 GW<br>Renewable power: 157.05 GW (249.77 %)<br>Emissions: 16,102.48 Kton CO<sub>2</sub> (75.05 %)<br>Imported energy: 101.22 GWh<br>Exported energy: -24929.08 GWh<br>Net cost: 14,624.41 M€<br>Dumped energy cost: 508.07 M€<br>Power PV: 26.06 GW (25809.215920581337)<br>Power wind: 82.84 GW (82416.53241751922)<br>Power CSP: 17.08 GW (14776.66652826934)<br>Match demand = 14,167.00 GWh<br>Minimize cost = 4.86 c€/kWh<br>"
14316860.850883085,48.44515097613188,"Generation: 149<br>Type: Minimize curtailments<br>Installed power: 186.30 GW<br>Renewable power: 157.47 GW (250.43 %)<br>Emissions: 16,039.73 Kton CO<sub>2</sub> (75.15 %)<br>Imported energy: 101.91 GWh<br>Exported energy: -24968.18 GWh<br>Net cost: 14,589.21 M€<br>Dumped energy cost: 511.95 M€<br>Power PV: 26.90 GW (26651.415252258703)<br>Power wind: 82.58 GW (82155.19043770878)<br>Power CSP: 16.92 GW (14613.846989934564)<br>Match demand = 14,316.86 GWh<br>Minimize cost = 4.84 c€/kWh<br>"
14899652.908386298,47.98103291485632,"Generation: 148<br>Type: Minimize curtailments<br>Installed power: 187.15 GW<br>Renewable power: 158.32 GW (251.79 %)<br>Emissions: 16,133.62 Kton CO<sub>2</sub> (75.00 %)<br>Imported energy: 99.22 GWh<br>Exported energy: -25774.42 GWh<br>Net cost: 14,449.44 M€<br>Dumped energy cost: 534.61 M€<br>Power PV: 27.14 GW (26892.195469601054)<br>Power wind: 84.31 GW (83880.41679324489)<br>Power CSP: 15.80 GW (13500.890854443027)<br>Match demand = 14,899.65 GWh<br>Minimize cost = 4.80 c€/kWh<br>"
14057532.488249121,48.65593841217897,"Generation: 146<br>Type: Minimize curtailments<br>Installed power: 185.68 GW<br>Renewable power: 156.85 GW (249.45 %)<br>Emissions: 16,099.78 Kton CO<sub>2</sub> (75.05 %)<br>Imported energy: 101.97 GWh<br>Exported energy: -24783.67 GWh<br>Net cost: 14,652.69 M€<br>Dumped energy cost: 504.03 M€<br>Power PV: 25.92 GW (25670.169292245646)<br>Power wind: 82.58 GW (82155.19043770878)<br>Power CSP: 17.28 GW (14977.960706272863)<br>Match demand = 14,057.53 GWh<br>Minimize cost = 4.87 c€/kWh<br>"
14178978.862479469,48.55603414023053,"Generation: 146<br>Type: Minimize curtailments<br>Installed power: 185.92 GW<br>Renewable power: 157.09 GW (249.83 %)<br>Emissions: 16,092.03 Kton CO<sub>2</sub> (75.07 %)<br>Imported energy: 101.39 GWh<br>Exported energy: -24919.29 GWh<br>Net cost: 14,622.60 M€<br>Dumped energy cost: 508.27 M€<br>Power PV: 26.16 GW (25914.682084180375)<br>Power wind: 82.78 GW (82351.62929500859)<br>Power CSP: 17.08 GW (14776.66652826934)<br>Match demand = 14,178.98 GWh<br>Minimize cost = 4.86 c€/kWh<br>"
14890116.860527985,48.12101955331555,"Generation: 140<br>Type: Minimize curtailments<br>Installed power: 186.94 GW<br>Renewable power: 158.11 GW (251.45 %)<br>Emissions: 16,106.57 Kton CO<sub>2</sub> (75.04 %)<br>Imported energy: 97.16 GWh<br>Exported energy: -25859.80 GWh<br>Net cost: 14,491.60 M€<br>Dumped energy cost: 535.99 M€<br>Power PV: 26.27 GW (26017.612037940686)<br>Power wind: 84.65 GW (84226.45431518472)<br>Power CSP: 16.12 GW (13814.619307691899)<br>Match demand = 14,890.12 GWh<br>Minimize cost = 4.81 c€/kWh<br>"
14901594.486594709,47.98059582288635,"Generation: 140<br>Type: Minimize curtailments<br>Installed power: 187.16 GW<br>Renewable power: 158.33 GW (251.79 %)<br>Emissions: 16,132.79 Kton CO<sub>2</sub> (75.00 %)<br>Imported energy: 99.22 GWh<br>Exported energy: -25775.54 GWh<br>Net cost: 14,449.31 M€<br>Dumped energy cost: 534.67 M€<br>Power PV: 27.14 GW (26895.59255516252)<br>Power wind: 84.31 GW (83880.41679324489)<br>Power CSP: 15.80 GW (13500.890854443027)<br>Match demand = 14,901.59 GWh<br>Minimize cost = 4.80 c€/kWh<br>"
14881540.000141095,48.122260614480375,"Generation: 139<br>Type: Minimize curtailments<br>Installed power: 186.93 GW<br>Renewable power: 158.10 GW (251.43 %)<br>Emissions: 16,109.27 Kton CO<sub>2</sub> (75.04 %)<br>Imported energy: 97.21 GWh<br>Exported energy: -25851.72 GWh<br>Net cost: 14,491.97 M€<br>Dumped energy cost: 535.67 M€<br>Power PV: 26.27 GW (26017.612037940686)<br>Power wind: 84.64 GW (84215.00315427942)<br>Power CSP: 16.12 GW (13814.619307691899)<br>Match demand = 14,881.54 GWh<br>Minimize cost = 4.81 c€/kWh<br>"
14830825.148232896,48.131523298758296,"Generation: 130<br>Type: Minimize curtailments<br>Installed power: 186.85 GW<br>Renewable power: 158.02 GW (251.30 %)<br>Emissions: 16,129.11 Kton CO<sub>2</sub> (75.01 %)<br>Imported energy: 97.38 GWh<br>Exported energy: -25815.06 GWh<br>Net cost: 14,494.76 M€<br>Dumped energy cost: 533.88 M€<br>Power PV: 26.22 GW (25968.17676018281)<br>Power wind: 84.61 GW (84185.19266034353)<br>Power CSP: 16.12 GW (13814.619307691899)<br>Match demand = 14,830.83 GWh<br>Minimize cost = 4.81 c€/kWh<br>"
14854255.253324468,48.130579420688306,"Generation: 108<br>Type: Minimize curtailments<br>Installed power: 186.87 GW<br>Renewable power: 158.04 GW (251.33 %)<br>Emissions: 16,125.38 Kton CO<sub>2</sub> (75.01 %)<br>Imported energy: 97.13 GWh<br>Exported energy: -25848.54 GWh<br>Net cost: 14,494.47 M€<br>Dumped energy cost: 534.90 M€<br>Power PV: 26.16 GW (25915.854197500987)<br>Power wind: 84.68 GW (84256.24458249392)<br>Power CSP: 16.12 GW (13814.619307691899)<br>Match demand = 14,854.26 GWh<br>Minimize cost = 4.81 c€/kWh<br>"
14833069.300473357,48.1310194163252,"Generation: 105<br>Type: Minimize curtailments<br>Installed power: 186.85 GW<br>Renewable power: 158.02 GW (251.31 %)<br>Emissions: 16,128.14 Kton CO<sub>2</sub> (75.01 %)<br>Imported energy: 97.38 GWh<br>Exported energy: -25816.31 GWh<br>Net cost: 14,494.61 M€<br>Dumped energy cost: 533.96 M€<br>Power PV: 26.22 GW (25972.104775998694)<br>Power wind: 84.61 GW (84185.19266034353)<br>Power CSP: 16.12 GW (13814.619307691899)<br>Match demand = 14,833.07 GWh<br>Minimize cost = 4.81 c€/kWh<br>"
14894454.552408215,48.06948724404945,"Generation: 67<br>Type: Minimize curtailments<br>Installed power: 187.16 GW<br>Renewable power: 158.33 GW (251.80 %)<br>Emissions: 16,052.51 Kton CO<sub>2</sub> (75.13 %)<br>Imported energy: 99.23 GWh<br>Exported energy: -25696.69 GWh<br>Net cost: 14,476.08 M€<br>Dumped energy cost: 533.99 M€<br>Power PV: 27.16 GW (26916.87288992396)<br>Power wind: 84.01 GW (83585.85367068487)<br>Power CSP: 16.08 GW (13778.819098442207)<br>Match demand = 14,894.45 GWh<br>Minimize cost = 4.81 c€/kWh<br>"
33859214.23058611,42.10040139944824,"Generation: 5<br>Type: Minimize curtailments<br>Installed power: 211.16 GW<br>Renewable power: 182.33 GW (289.97 %)<br>Emissions: 16,004.97 Kton CO<sub>2</sub> (75.20 %)<br>Imported energy: 75.09 GWh<br>Exported energy: -40289.22 GWh<br>Net cost: 12,678.49 M€<br>Dumped energy cost: 1,209.36 M€<br>Power PV: 47.19 GW (46944.22145481015)<br>Power wind: 101.16 GW (100730.32563870595)<br>Power CSP: 2.91 GW (606.4957207515563)<br>Match demand = 33,859.21 GWh<br>Minimize cost = 4.21 c€/kWh<br>"
13322611.948248124,48.9174209834926,"Generation: 149<br>Type: Minimize curtailments<br>Installed power: 185.48 GW<br>Renewable power: 156.65 GW (249.13 %)<br>Emissions: 16,070.92 Kton CO<sub>2</sub> (75.10 %)<br>Imported energy: 124.27 GWh<br>Exported energy: -22130.76 GWh<br>Net cost: 14,731.43 M€<br>Dumped energy cost: 463.04 M€<br>Power PV: 31.99 GW (31741.287644999145)<br>Power wind: 75.53 GW (75105.72845861778)<br>Power CSP: 18.06 GW (15753.138299041339)<br>Match demand = 13,322.61 GWh<br>Minimize cost = 4.89 c€/kWh<br>"
13389864.299400188,48.90995204531526,"Generation: 149<br>Type: Minimize curtailments<br>Installed power: 185.52 GW<br>Renewable power: 156.69 GW (249.19 %)<br>Emissions: 16,033.44 Kton CO<sub>2</sub> (75.16 %)<br>Imported energy: 120.96 GWh<br>Exported energy: -22458.38 GWh<br>Net cost: 14,729.18 M€<br>Dumped energy cost: 467.01 M€<br>Power PV: 31.23 GW (30980.999473308497)<br>Power wind: 76.33 GW (75904.04208874873)<br>Power CSP: 18.06 GW (15753.138299041339)<br>Match demand = 13,389.86 GWh<br>Minimize cost = 4.89 c€/kWh<br>"
13697860.45909231,48.83441685675961,"Generation: 149<br>Type: Minimize curtailments<br>Installed power: 186.08 GW<br>Renewable power: 157.25 GW (250.08 %)<br>Emissions: 15,905.65 Kton CO<sub>2</sub> (75.35 %)<br>Imported energy: 120.93 GWh<br>Exported energy: -22643.18 GWh<br>Net cost: 14,706.43 M€<br>Dumped energy cost: 477.00 M€<br>Power PV: 31.87 GW (31622.39540907259)<br>Power wind: 76.25 GW (75824.71558952447)<br>Power CSP: 18.06 GW (15753.138299041339)<br>Match demand = 13,697.86 GWh<br>Minimize cost = 4.88 c€/kWh<br>"
12426667.145103348,50.72341709612773,"Generation: 145<br>Type: Minimize curtailments<br>Installed power: 182.37 GW<br>Renewable power: 153.54 GW (244.18 %)<br>Emissions: 16,129.86 Kton CO<sub>2</sub> (75.01 %)<br>Imported energy: 138.45 GWh<br>Exported energy: -20578.37 GWh<br>Net cost: 15,275.30 M€<br>Dumped energy cost: 434.85 M€<br>Power PV: 27.86 GW (27610.267637213336)<br>Power wind: 72.82 GW (72393.0764025124)<br>Power CSP: 21.79 GW (19485.066685237798)<br>Match demand = 12,426.67 GWh<br>Minimize cost = 5.07 c€/kWh<br>"
13691889.135514276,48.83571523998291,"Generation: 145<br>Type: Minimize curtailments<br>Installed power: 186.07 GW<br>Renewable power: 157.24 GW (250.06 %)<br>Emissions: 15,908.13 Kton CO<sub>2</sub> (75.35 %)<br>Imported energy: 120.97 GWh<br>Exported energy: -22635.97 GWh<br>Net cost: 14,706.83 M€<br>Dumped energy cost: 476.78 M€<br>Power PV: 31.87 GW (31622.39540907259)<br>Power wind: 76.24 GW (75815.2592463337)<br>Power CSP: 18.06 GW (15753.138299041339)<br>Match demand = 13,691.89 GWh<br>Minimize cost = 4.88 c€/kWh<br>"
13005852.814188447,49.594570534349806,"Generation: 141<br>Type: Minimize curtailments<br>Installed power: 184.38 GW<br>Renewable power: 155.55 GW (247.38 %)<br>Emissions: 16,020.22 Kton CO<sub>2</sub> (75.18 %)<br>Imported energy: 129.94 GWh<br>Exported energy: -21663.74 GWh<br>Net cost: 14,935.35 M€<br>Dumped energy cost: 453.49 M€<br>Power PV: 30.18 GW (29935.941502895443)<br>Power wind: 74.80 GW (74369.61972254381)<br>Power CSP: 19.50 GW (17196.658248737687)<br>Match demand = 13,005.85 GWh<br>Minimize cost = 4.96 c€/kWh<br>"
12626733.56376301,49.92667145126981,"Generation: 137<br>Type: Minimize curtailments<br>Installed power: 183.41 GW<br>Renewable power: 154.58 GW (245.83 %)<br>Emissions: 16,122.64 Kton CO<sub>2</sub> (75.02 %)<br>Imported energy: 128.07 GWh<br>Exported energy: -21562.29 GWh<br>Net cost: 15,035.37 M€<br>Dumped energy cost: 442.87 M€<br>Power PV: 28.27 GW (28018.814193105227)<br>Power wind: 75.19 GW (74764.36185561412)<br>Power CSP: 20.05 GW (17745.684292029524)<br>Match demand = 12,626.73 GWh<br>Minimize cost = 4.99 c€/kWh<br>"
12869677.554232826,49.64129479451435,"Generation: 136<br>Type: Minimize curtailments<br>Installed power: 184.12 GW<br>Renewable power: 155.29 GW (246.96 %)<br>Emissions: 16,076.84 Kton CO<sub>2</sub> (75.09 %)<br>Imported energy: 130.10 GWh<br>Exported energy: -21575.75 GWh<br>Net cost: 14,949.42 M€<br>Dumped energy cost: 449.04 M€<br>Power PV: 29.90 GW (29647.397942317577)<br>Power wind: 74.80 GW (74369.61972254381)<br>Power CSP: 19.53 GW (17224.53812387739)<br>Match demand = 12,869.68 GWh<br>Minimize cost = 4.96 c€/kWh<br>"
15052641.81796886,47.29123601646988,"Generation: 134<br>Type: Minimize curtailments<br>Installed power: 189.59 GW<br>Renewable power: 160.76 GW (255.66 %)<br>Emissions: 16,129.61 Kton CO<sub>2</sub> (75.01 %)<br>Imported energy: 129.39 GWh<br>Exported energy: -22456.13 GWh<br>Net cost: 14,241.71 M€<br>Dumped energy cost: 511.47 M€<br>Power PV: 41.61 GW (41358.20618738279)<br>Power wind: 73.04 GW (72611.10173053066)<br>Power CSP: 15.04 GW (12739.92004469672)<br>Match demand = 15,052.64 GWh<br>Minimize cost = 4.73 c€/kWh<br>"
13359223.670285158,48.916562822876166,"Generation: 133<br>Type: Minimize curtailments<br>Installed power: 185.47 GW<br>Renewable power: 156.64 GW (249.11 %)<br>Emissions: 16,046.71 Kton CO<sub>2</sub> (75.14 %)<br>Imported energy: 121.18 GWh<br>Exported energy: -22418.07 GWh<br>Net cost: 14,731.17 M€<br>Dumped energy cost: 465.88 M€<br>Power PV: 31.23 GW (30980.999473308497)<br>Power wind: 76.28 GW (75854.05369437496)<br>Power CSP: 18.06 GW (15753.138299041339)<br>Match demand = 13,359.22 GWh<br>Minimize cost = 4.89 c€/kWh<br>"
12620835.920288831,49.928216065912096,"Generation: 131<br>Type: Minimize curtailments<br>Installed power: 183.40 GW<br>Renewable power: 154.57 GW (245.82 %)<br>Emissions: 16,125.48 Kton CO<sub>2</sub> (75.01 %)<br>Imported energy: 128.26 GWh<br>Exported energy: -21554.89 GWh<br>Net cost: 15,035.83 M€<br>Dumped energy cost: 442.65 M€<br>Power PV: 28.27 GW (28018.814193105227)<br>Power wind: 75.18 GW (74754.24597508516)<br>Power CSP: 20.05 GW (17745.684292029524)<br>Match demand = 12,620.84 GWh<br>Minimize cost = 4.99 c€/kWh<br>"
12475921.211099135,50.708970267814905,"Generation: 129<br>Type: Minimize curtailments<br>Installed power: 182.46 GW<br>Renewable power: 153.63 GW (244.32 %)<br>Emissions: 16,103.70 Kton CO<sub>2</sub> (75.05 %)<br>Imported energy: 138.02 GWh<br>Exported energy: -20646.30 GWh<br>Net cost: 15,270.95 M€<br>Dumped energy cost: 436.66 M€<br>Power PV: 27.86 GW (27610.267637213336)<br>Power wind: 72.91 GW (72482.58600245074)<br>Power CSP: 21.79 GW (19485.066685237798)<br>Match demand = 12,475.92 GWh<br>Minimize cost = 5.07 c€/kWh<br>"
12742116.77570944,49.92263983539019,"Generation: 129<br>Type: Minimize curtailments<br>Installed power: 183.59 GW<br>Renewable power: 154.76 GW (246.13 %)<br>Emissions: 16,065.38 Kton CO<sub>2</sub> (75.11 %)<br>Imported energy: 126.33 GWh<br>Exported energy: -21637.16 GWh<br>Net cost: 15,034.15 M€<br>Dumped energy cost: 446.78 M€<br>Power PV: 28.40 GW (28156.032705063593)<br>Power wind: 75.18 GW (74754.24597508516)<br>Power CSP: 20.11 GW (17804.367940262735)<br>Match demand = 12,742.12 GWh<br>Minimize cost = 4.99 c€/kWh<br>"
12914320.434451312,49.6265074584071,"Generation: 128<br>Type: Minimize curtailments<br>Installed power: 184.28 GW<br>Renewable power: 155.45 GW (247.22 %)<br>Emissions: 16,096.50 Kton CO<sub>2</sub> (75.06 %)<br>Imported energy: 135.22 GWh<br>Exported energy: -21116.63 GWh<br>Net cost: 14,944.97 M€<br>Dumped energy cost: 447.79 M€<br>Power PV: 31.36 GW (31111.07986750721)<br>Power wind: 73.50 GW (73068.92146399952)<br>Power CSP: 19.53 GW (17224.53812387739)<br>Match demand = 12,914.32 GWh<br>Minimize cost = 4.96 c€/kWh<br>"
13274920.374440528,48.93601641641401,"Generation: 128<br>Type: Minimize curtailments<br>Installed power: 185.33 GW<br>Renewable power: 156.50 GW (248.89 %)<br>Emissions: 16,083.13 Kton CO<sub>2</sub> (75.08 %)<br>Imported energy: 121.78 GWh<br>Exported energy: -22313.73 GWh<br>Net cost: 14,737.03 M€<br>Dumped energy cost: 462.80 M€<br>Power PV: 31.23 GW (30980.999473308497)<br>Power wind: 76.14 GW (75716.92237860968)<br>Power CSP: 18.06 GW (15753.138299041339)<br>Match demand = 13,274.92 GWh<br>Minimize cost = 4.89 c€/kWh<br>"
15092077.104415175,47.2583999515464,"Generation: 127<br>Type: Minimize curtailments<br>Installed power: 189.66 GW<br>Renewable power: 160.83 GW (255.78 %)<br>Emissions: 16,125.98 Kton CO<sub>2</sub> (75.01 %)<br>Imported energy: 128.83 GWh<br>Exported energy: -22533.73 GWh<br>Net cost: 14,231.82 M€<br>Dumped energy cost: 512.94 M€<br>Power PV: 41.60 GW (41353.82855441846)<br>Power wind: 73.18 GW (72755.2681950195)<br>Power CSP: 14.98 GW (12673.47310336363)<br>Match demand = 15,092.08 GWh<br>Minimize cost = 4.73 c€/kWh<br>"
12786047.044420335,49.66088108144056,"Generation: 121<br>Type: Minimize curtailments<br>Installed power: 184.00 GW<br>Renewable power: 155.17 GW (246.76 %)<br>Emissions: 16,122.76 Kton CO<sub>2</sub> (75.02 %)<br>Imported energy: 131.63 GWh<br>Exported energy: -21383.02 GWh<br>Net cost: 14,955.32 M€<br>Dumped energy cost: 445.50 M€<br>Power PV: 30.13 GW (29885.97977834419)<br>Power wind: 74.43 GW (74004.96883865992)<br>Power CSP: 19.53 GW (17224.53812387739)<br>Match demand = 12,786.05 GWh<br>Minimize cost = 4.97 c€/kWh<br>"
15098695.567427073,47.25728021598945,"Generation: 121<br>Type: Minimize curtailments<br>Installed power: 189.67 GW<br>Renewable power: 160.84 GW (255.79 %)<br>Emissions: 16,123.39 Kton CO<sub>2</sub> (75.02 %)<br>Imported energy: 128.78 GWh<br>Exported energy: -22541.08 GWh<br>Net cost: 14,231.48 M€<br>Dumped energy cost: 513.18 M€<br>Power PV: 41.60 GW (41353.82855441846)<br>Power wind: 73.19 GW (72765.02880633101)<br>Power CSP: 14.98 GW (12673.47310336363)<br>Match demand = 15,098.70 GWh<br>Minimize cost = 4.73 c€/kWh<br>"
15053904.552368086,47.290993189632644,"Generation: 120<br>Type: Minimize curtailments<br>Installed power: 189.59 GW<br>Renewable power: 160.76 GW (255.66 %)<br>Emissions: 16,129.09 Kton CO<sub>2</sub> (75.01 %)<br>Imported energy: 129.38 GWh<br>Exported energy: -22457.54 GWh<br>Net cost: 14,241.63 M€<br>Dumped energy cost: 511.51 M€<br>Power PV: 41.61 GW (41358.20618738279)<br>Power wind: 73.04 GW (72613.03140788786)<br>Power CSP: 15.04 GW (12739.92004469672)<br>Match demand = 15,053.90 GWh<br>Minimize cost = 4.73 c€/kWh<br>"
12530062.158864439,50.70216385619863,"Generation: 112<br>Type: Minimize curtailments<br>Installed power: 182.56 GW<br>Renewable power: 153.73 GW (244.49 %)<br>Emissions: 16,094.29 Kton CO<sub>2</sub> (75.06 %)<br>Imported energy: 139.58 GWh<br>Exported energy: -20525.79 GWh<br>Net cost: 15,268.90 M€<br>Dumped energy cost: 437.65 M€<br>Power PV: 28.36 GW (28109.68310858738)<br>Power wind: 72.52 GW (72089.26781429141)<br>Power CSP: 21.79 GW (19485.066685237798)<br>Match demand = 12,530.06 GWh<br>Minimize cost = 5.07 c€/kWh<br>"
12822519.11069252,49.65405208624564,"Generation: 110<br>Type: Minimize curtailments<br>Installed power: 184.03 GW<br>Renewable power: 155.20 GW (246.82 %)<br>Emissions: 16,097.21 Kton CO<sub>2</sub> (75.06 %)<br>Imported energy: 130.04 GWh<br>Exported energy: -21558.07 GWh<br>Net cost: 14,953.27 M€<br>Dumped energy cost: 447.55 M€<br>Power PV: 29.77 GW (29526.126070000515)<br>Power wind: 74.83 GW (74401.69704177915)<br>Power CSP: 19.53 GW (17224.53812387739)<br>Match demand = 12,822.52 GWh<br>Minimize cost = 4.97 c€/kWh<br>"
12803613.22799879,49.658638913854915,"Generation: 106<br>Type: Minimize curtailments<br>Installed power: 184.00 GW<br>Renewable power: 155.17 GW (246.77 %)<br>Emissions: 16,106.28 Kton CO<sub>2</sub> (75.04 %)<br>Imported energy: 130.18 GWh<br>Exported energy: -21533.90 GWh<br>Net cost: 14,954.65 M€<br>Dumped energy cost: 446.85 M€<br>Power PV: 29.77 GW (29526.126070000515)<br>Power wind: 74.80 GW (74369.61972254381)<br>Power CSP: 19.53 GW (17224.53812387739)<br>Match demand = 12,803.61 GWh<br>Minimize cost = 4.97 c€/kWh<br>"
15497450.88464538,47.08806231765172,"Generation: 90<br>Type: Minimize curtailments<br>Installed power: 190.35 GW<br>Renewable power: 161.52 GW (256.87 %)<br>Emissions: 16,127.67 Kton CO<sub>2</sub> (75.01 %)<br>Imported energy: 131.92 GWh<br>Exported energy: -22485.36 GWh<br>Net cost: 14,180.52 M€<br>Dumped energy cost: 524.73 M€<br>Power PV: 43.35 GW (43102.23133183586)<br>Power wind: 72.37 GW (71947.76987839042)<br>Power CSP: 14.73 GW (12421.551053093406)<br>Match demand = 15,497.45 GWh<br>Minimize cost = 4.71 c€/kWh<br>"
15333275.886200977,47.209292046630694,"Generation: 83<br>Type: Minimize curtailments<br>Installed power: 190.05 GW<br>Renewable power: 161.22 GW (256.39 %)<br>Emissions: 16,125.60 Kton CO<sub>2</sub> (75.01 %)<br>Imported energy: 132.62 GWh<br>Exported energy: -22311.90 GWh<br>Net cost: 14,217.03 M€<br>Dumped energy cost: 519.28 M€<br>Power PV: 42.99 GW (42738.67636931971)<br>Power wind: 72.20 GW (71772.34207305734)<br>Power CSP: 14.96 GW (12654.362374547003)<br>Match demand = 15,333.28 GWh<br>Minimize cost = 4.72 c€/kWh<br>"
15502525.46444741,47.084133261028285,"Generation: 81<br>Type: Minimize curtailments<br>Installed power: 190.36 GW<br>Renewable power: 161.53 GW (256.89 %)<br>Emissions: 16,127.81 Kton CO<sub>2</sub> (75.01 %)<br>Imported energy: 131.89 GWh<br>Exported energy: -22491.32 GWh<br>Net cost: 14,179.34 M€<br>Dumped energy cost: 524.90 M€<br>Power PV: 43.36 GW (43112.43178258473)<br>Power wind: 72.38 GW (71954.78516433589)<br>Power CSP: 14.72 GW (12413.81378648781)<br>Match demand = 15,502.53 GWh<br>Minimize cost = 4.71 c€/kWh<br>"
15465725.981165478,47.14613978053097,"Generation: 79<br>Type: Minimize curtailments<br>Installed power: 190.27 GW<br>Renewable power: 161.44 GW (256.74 %)<br>Emissions: 16,100.30 Kton CO<sub>2</sub> (75.05 %)<br>Imported energy: 131.86 GWh<br>Exported energy: -22457.62 GWh<br>Net cost: 14,198.01 M€<br>Dumped energy cost: 523.82 M€<br>Power PV: 43.14 GW (42888.21109984289)<br>Power wind: 72.37 GW (71947.76987839042)<br>Power CSP: 14.86 GW (12554.762175782902)<br>Match demand = 15,465.73 GWh<br>Minimize cost = 4.71 c€/kWh<br>"
15277249.289308434,47.230348423140605,"Generation: 77<br>Type: Minimize curtailments<br>Installed power: 189.93 GW<br>Renewable power: 161.10 GW (256.20 %)<br>Emissions: 16,062.44 Kton CO<sub>2</sub> (75.11 %)<br>Imported energy: 128.07 GWh<br>Exported energy: -22678.90 GWh<br>Net cost: 14,223.37 M€<br>Dumped energy cost: 519.29 M€<br>Power PV: 41.73 GW (41485.750409326254)<br>Power wind: 73.32 GW (72888.1646155732)<br>Power CSP: 14.98 GW (12677.01408148254)<br>Match demand = 15,277.25 GWh<br>Minimize cost = 4.72 c€/kWh<br>"
15442938.04746871,47.15026024941197,"Generation: 75<br>Type: Minimize curtailments<br>Installed power: 190.24 GW<br>Renewable power: 161.41 GW (256.69 %)<br>Emissions: 16,107.17 Kton CO<sub>2</sub> (75.04 %)<br>Imported energy: 131.87 GWh<br>Exported energy: -22444.04 GWh<br>Net cost: 14,199.25 M€<br>Dumped energy cost: 523.07 M€<br>Power PV: 43.10 GW (42853.163994229144)<br>Power wind: 72.37 GW (71947.76987839042)<br>Power CSP: 14.86 GW (12554.762175782902)<br>Match demand = 15,442.94 GWh<br>Minimize cost = 4.72 c€/kWh<br>"
15657398.290925898,47.05758911976664,"Generation: 74<br>Type: Minimize curtailments<br>Installed power: 190.60 GW<br>Renewable power: 161.77 GW (257.27 %)<br>Emissions: 16,095.43 Kton CO<sub>2</sub> (75.06 %)<br>Imported energy: 132.56 GWh<br>Exported energy: -22522.54 GWh<br>Net cost: 14,171.34 M€<br>Dumped energy cost: 529.72 M€<br>Power PV: 43.78 GW (43532.56068126534)<br>Power wind: 72.20 GW (71772.34207305734)<br>Power CSP: 14.72 GW (12413.81378648781)<br>Match demand = 15,657.40 GWh<br>Minimize cost = 4.71 c€/kWh<br>"
15408914.128965156,47.156526963981946,"Generation: 71<br>Type: Minimize curtailments<br>Installed power: 190.18 GW<br>Renewable power: 161.35 GW (256.61 %)<br>Emissions: 16,118.97 Kton CO<sub>2</sub> (75.02 %)<br>Imported energy: 131.98 GWh<br>Exported energy: -22416.39 GWh<br>Net cost: 14,201.14 M€<br>Dumped energy cost: 521.91 M€<br>Power PV: 43.07 GW (42822.497510058536)<br>Power wind: 72.35 GW (71926.29322839486)<br>Power CSP: 14.86 GW (12554.762175782902)<br>Match demand = 15,408.91 GWh<br>Minimize cost = 4.72 c€/kWh<br>"
15348940.641970506,47.20650747888461,"Generation: 65<br>Type: Minimize curtailments<br>Installed power: 190.07 GW<br>Renewable power: 161.24 GW (256.42 %)<br>Emissions: 16,120.96 Kton CO<sub>2</sub> (75.02 %)<br>Imported energy: 132.61 GWh<br>Exported energy: -22321.10 GWh<br>Net cost: 14,216.19 M€<br>Dumped energy cost: 519.79 M€<br>Power PV: 43.01 GW (42762.54550958981)<br>Power wind: 72.20 GW (71772.34207305734)<br>Power CSP: 14.96 GW (12654.362374547003)<br>Match demand = 15,348.94 GWh<br>Minimize cost = 4.72 c€/kWh<br>"
15958498.808919728,46.903447206323115,"Generation: 64<br>Type: Minimize curtailments<br>Installed power: 191.11 GW<br>Renewable power: 162.28 GW (258.07 %)<br>Emissions: 16,078.79 Kton CO<sub>2</sub> (75.09 %)<br>Imported energy: 131.95 GWh<br>Exported energy: -22754.76 GWh<br>Net cost: 14,124.92 M€<br>Dumped energy cost: 539.54 M€<br>Power PV: 44.46 GW (44207.06263764735)<br>Power wind: 72.30 GW (71876.44072440863)<br>Power CSP: 14.45 GW (12143.758964706449)<br>Match demand = 15,958.50 GWh<br>Minimize cost = 4.69 c€/kWh<br>"
15364244.790738594,47.1613139497584,"Generation: 57<br>Type: Minimize curtailments<br>Installed power: 190.12 GW<br>Renewable power: 161.29 GW (256.50 %)<br>Emissions: 16,132.96 Kton CO<sub>2</sub> (75.00 %)<br>Imported energy: 131.93 GWh<br>Exported energy: -22398.15 GWh<br>Net cost: 14,202.58 M€<br>Dumped energy cost: 520.46 M€<br>Power PV: 42.99 GW (42742.375520771995)<br>Power wind: 72.37 GW (71947.76987839042)<br>Power CSP: 14.85 GW (12546.827967033412)<br>Match demand = 15,364.24 GWh<br>Minimize cost = 4.72 c€/kWh<br>"
15422956.64261802,47.153857836131756,"Generation: 56<br>Type: Minimize curtailments<br>Installed power: 190.21 GW<br>Renewable power: 161.38 GW (256.64 %)<br>Emissions: 16,113.16 Kton CO<sub>2</sub> (75.03 %)<br>Imported energy: 131.88 GWh<br>Exported energy: -22432.16 GWh<br>Net cost: 14,200.34 M€<br>Dumped energy cost: 522.41 M€<br>Power PV: 43.07 GW (42822.497510058536)<br>Power wind: 72.37 GW (71947.76987839042)<br>Power CSP: 14.86 GW (12554.762175782902)<br>Match demand = 15,422.96 GWh<br>Minimize cost = 4.72 c€/kWh<br>"
16441251.816743439,46.49673633673233,"Generation: 36<br>Type: Minimize curtailments<br>Installed power: 191.98 GW<br>Renewable power: 163.15 GW (259.47 %)<br>Emissions: 16,132.52 Kton CO<sub>2</sub> (75.00 %)<br>Imported energy: 126.02 GWh<br>Exported energy: -23452.63 GWh<br>Net cost: 14,002.44 M€<br>Dumped energy cost: 556.19 M€<br>Power PV: 45.20 GW (44951.203373929486)<br>Power wind: 73.30 GW (72870.95090979226)<br>Power CSP: 13.58 GW (11280.99949222988)<br>Match demand = 16,441.25 GWh<br>Minimize cost = 4.65 c€/kWh<br>"
16557818.576364439,46.414051101739936,"Generation: 32<br>Type: Minimize curtailments<br>Installed power: 192.19 GW<br>Renewable power: 163.36 GW (259.79 %)<br>Emissions: 16,123.89 Kton CO<sub>2</sub> (75.02 %)<br>Imported energy: 124.57 GWh<br>Exported energy: -23668.22 GWh<br>Net cost: 13,977.54 M€<br>Dumped energy cost: 560.51 M€<br>Power PV: 45.19 GW (44943.81663542879)<br>Power wind: 73.67 GW (73246.68207331082)<br>Power CSP: 13.42 GW (11115.919490211752)<br>Match demand = 16,557.82 GWh<br>Minimize cost = 4.64 c€/kWh<br>"
16604665.886524914,46.152964226511884,"Generation: 32<br>Type: Minimize curtailments<br>Installed power: 192.10 GW<br>Renewable power: 163.27 GW (259.65 %)<br>Emissions: 16,103.20 Kton CO<sub>2</sub> (75.05 %)<br>Imported energy: 106.84 GWh<br>Exported energy: -25547.36 GWh<br>Net cost: 13,898.92 M€<br>Dumped energy cost: 571.89 M€<br>Power PV: 40.55 GW (40306.45795390875)<br>Power wind: 79.03 GW (78607.64700325025)<br>Power CSP: 12.61 GW (10301.106790559723)<br>Match demand = 16,604.67 GWh<br>Minimize cost = 4.62 c€/kWh<br>"
16733423.664226534,46.12785058699291,"Generation: 29<br>Type: Minimize curtailments<br>Installed power: 192.31 GW<br>Renewable power: 163.48 GW (259.98 %)<br>Emissions: 16,063.82 Kton CO<sub>2</sub> (75.11 %)<br>Imported energy: 106.94 GWh<br>Exported energy: -25615.34 GWh<br>Net cost: 13,891.35 M€<br>Dumped energy cost: 576.02 M€<br>Power PV: 40.82 GW (40569.02474078913)<br>Power wind: 78.98 GW (78556.13628856317)<br>Power CSP: 12.61 GW (10301.106790559723)<br>Match demand = 16,733.42 GWh<br>Minimize cost = 4.61 c€/kWh<br>"
16876418.817353167,46.12390338067785,"Generation: 26<br>Type: Minimize curtailments<br>Installed power: 192.42 GW<br>Renewable power: 163.59 GW (260.16 %)<br>Emissions: 16,007.75 Kton CO<sub>2</sub> (75.20 %)<br>Imported energy: 104.13 GWh<br>Exported energy: -25988.06 GWh<br>Net cost: 13,890.17 M€<br>Dumped energy cost: 582.82 M€<br>Power PV: 40.06 GW (39807.08515291554)<br>Power wind: 79.86 GW (79433.4540557809)<br>Power CSP: 12.61 GW (10301.106790559723)<br>Match demand = 16,876.42 GWh<br>Minimize cost = 4.61 c€/kWh<br>"
16912370.03723235,46.02022393877225,"Generation: 26<br>Type: Minimize curtailments<br>Installed power: 192.64 GW<br>Renewable power: 163.81 GW (260.51 %)<br>Emissions: 16,080.42 Kton CO<sub>2</sub> (75.08 %)<br>Imported energy: 107.90 GWh<br>Exported energy: -25648.73 GWh<br>Net cost: 13,858.94 M€<br>Dumped energy cost: 581.12 M€<br>Power PV: 41.60 GW (41353.70176694223)<br>Power wind: 78.73 GW (78298.5526689751)<br>Power CSP: 12.41 GW (10103.575812779314)<br>Match demand = 16,912.37 GWh<br>Minimize cost = 4.60 c€/kWh<br>"
16563391.801543385,46.41319812210697,"Generation: 24<br>Type: Minimize curtailments<br>Installed power: 192.19 GW<br>Renewable power: 163.36 GW (259.80 %)<br>Emissions: 16,122.37 Kton CO<sub>2</sub> (75.02 %)<br>Imported energy: 124.56 GWh<br>Exported energy: -23671.60 GWh<br>Net cost: 13,977.29 M€<br>Dumped energy cost: 560.70 M€<br>Power PV: 45.20 GW (44951.203373929486)<br>Power wind: 73.67 GW (73247.34176739384)<br>Power CSP: 13.42 GW (11115.919490211752)<br>Match demand = 16,563.39 GWh<br>Minimize cost = 4.64 c€/kWh<br>"
17631639.098806746,45.76876621388439,"Generation: 21<br>Type: Minimize curtailments<br>Installed power: 193.57 GW<br>Renewable power: 164.74 GW (261.99 %)<br>Emissions: 15,992.86 Kton CO<sub>2</sub> (75.22 %)<br>Imported energy: 100.52 GWh<br>Exported energy: -26707.23 GWh<br>Net cost: 13,783.22 M€<br>Dumped energy cost: 608.87 M€<br>Power PV: 41.12 GW (40867.89315643777)<br>Power wind: 80.64 GW (80214.38297569862)<br>Power CSP: 11.91 GW (9609.579353602769)<br>Match demand = 17,631.64 GWh<br>Minimize cost = 4.58 c€/kWh<br>"
17133719.46856245,45.900987800299724,"Generation: 19<br>Type: Minimize curtailments<br>Installed power: 192.87 GW<br>Renewable power: 164.04 GW (260.88 %)<br>Emissions: 16,087.39 Kton CO<sub>2</sub> (75.07 %)<br>Imported energy: 103.29 GWh<br>Exported energy: -26221.66 GWh<br>Net cost: 13,823.04 M€<br>Dumped energy cost: 591.17 M€<br>Power PV: 40.83 GW (40579.86175471479)<br>Power wind: 80.04 GW (79613.30886992141)<br>Power CSP: 12.10 GW (9798.243645539198)<br>Match demand = 17,133.72 GWh<br>Minimize cost = 4.59 c€/kWh<br>"
16562942.58263923,46.413273418285655,"Generation: 18<br>Type: Minimize curtailments<br>Installed power: 192.19 GW<br>Renewable power: 163.36 GW (259.80 %)<br>Emissions: 16,122.54 Kton CO<sub>2</sub> (75.02 %)<br>Imported energy: 124.56 GWh<br>Exported energy: -23671.12 GWh<br>Net cost: 13,977.31 M€<br>Dumped energy cost: 560.68 M€<br>Power PV: 45.20 GW (44951.203373929486)<br>Power wind: 73.67 GW (73246.68207331082)<br>Power CSP: 13.42 GW (11115.919490211752)<br>Match demand = 16,562.94 GWh<br>Minimize cost = 4.64 c€/kWh<br>"
22048346.170565523,44.33717626239327,"Generation: 15<br>Type: Minimize curtailments<br>Installed power: 198.91 GW<br>Renewable power: 170.08 GW (270.49 %)<br>Emissions: 15,892.14 Kton CO<sub>2</sub> (75.38 %)<br>Imported energy: 76.98 GWh<br>Exported energy: -31423.09 GWh<br>Net cost: 13,352.09 M€<br>Dumped energy cost: 774.37 M€<br>Power PV: 41.79 GW (41537.410483845786)<br>Power wind: 88.49 GW (88064.8554515022)<br>Power CSP: 8.73 GW (6429.3356080282165)<br>Match demand = 22,048.35 GWh<br>Minimize cost = 4.43 c€/kWh<br>"
22184061.934121758,44.13984879771773,"Generation: 15<br>Type: Minimize curtailments<br>Installed power: 198.95 GW<br>Renewable power: 170.12 GW (270.55 %)<br>Emissions: 16,126.53 Kton CO<sub>2</sub> (75.01 %)<br>Imported energy: 76.23 GWh<br>Exported energy: -31648.23 GWh<br>Net cost: 13,292.67 M€<br>Dumped energy cost: 780.35 M€<br>Power PV: 41.83 GW (41579.43699955426)<br>Power wind: 89.16 GW (88728.50647887617)<br>Power CSP: 8.07 GW (5765.778447221169)<br>Match demand = 22,184.06 GWh<br>Minimize cost = 4.41 c€/kWh<br>"
35128237.25133882,42.08517387598144,"Generation: 10<br>Type: Minimize curtailments<br>Installed power: 213.64 GW<br>Renewable power: 184.81 GW (293.91 %)<br>Emissions: 15,538.89 Kton CO<sub>2</sub> (75.92 %)<br>Imported energy: 68.89 GWh<br>Exported energy: -40469.89 GWh<br>Net cost: 12,673.91 M€<br>Dumped energy cost: 1,232.67 M€<br>Power PV: 53.07 GW (52822.60841910833)<br>Power wind: 96.82 GW (96396.20535230555)<br>Power CSP: 3.84 GW (1538.9572085880613)<br>Match demand = 35,128.24 GWh<br>Minimize cost = 4.21 c€/kWh<br>"
35422846.34109224,42.08319818785819,"Generation: 10<br>Type: Minimize curtailments<br>Installed power: 213.93 GW<br>Renewable power: 185.10 GW (294.37 %)<br>Emissions: 15,484.30 Kton CO<sub>2</sub> (76.01 %)<br>Imported energy: 68.00 GWh<br>Exported energy: -40663.78 GWh<br>Net cost: 12,673.31 M€<br>Dumped energy cost: 1,243.63 M€<br>Power PV: 53.07 GW (52822.60841910833)<br>Power wind: 97.11 GW (96679.4980499419)<br>Power CSP: 3.85 GW (1548.8780617913517)<br>Match demand = 35,422.85 GWh<br>Minimize cost = 4.21 c€/kWh<br>"
37170254.67696123,42.036230781819285,"Generation: 10<br>Type: Minimize curtailments<br>Installed power: 215.72 GW<br>Renewable power: 186.89 GW (297.22 %)<br>Emissions: 15,277.97 Kton CO<sub>2</sub> (76.33 %)<br>Imported energy: 64.66 GWh<br>Exported energy: -41680.98 GWh<br>Net cost: 12,659.17 M€<br>Dumped energy cost: 1,304.69 M€<br>Power PV: 54.10 GW (53850.25021910989)<br>Power wind: 97.89 GW (97460.06247455094)<br>Power CSP: 3.84 GW (1532.9291088642944)<br>Match demand = 37,170.25 GWh<br>Minimize cost = 4.20 c€/kWh<br>"
37492869.50504088,42.024771189443044,"Generation: 10<br>Type: Minimize curtailments<br>Installed power: 216.08 GW<br>Renewable power: 187.25 GW (297.78 %)<br>Emissions: 15,256.57 Kton CO<sub>2</sub> (76.36 %)<br>Imported energy: 64.75 GWh<br>Exported energy: -41823.37 GWh<br>Net cost: 12,655.72 M€<br>Dumped energy cost: 1,314.80 M€<br>Power PV: 54.57 GW (54320.40024919163)<br>Power wind: 97.76 GW (97337.56123661704)<br>Power CSP: 3.84 GW (1539.1724647007197)<br>Match demand = 37,492.87 GWh<br>Minimize cost = 4.20 c€/kWh<br>"
18761120.19556472,45.248547817582725,"Generation: 80<br>Type: Minimize curtailments<br>Installed power: 195.58 GW<br>Renewable power: 166.75 GW (265.19 %)<br>Emissions: 16,104.96 Kton CO<sub>2</sub> (75.05 %)<br>Imported energy: 109.37 GWh<br>Exported energy: -26420.65 GWh<br>Net cost: 13,626.55 M€<br>Dumped energy cost: 638.11 M€<br>Power PV: 47.14 GW (46891.5479019587)<br>Power wind: 77.45 GW (77027.33720810794)<br>Power CSP: 11.09 GW (8781.511439467278)<br>Match demand = 18,761.12 GWh<br>Minimize cost = 4.52 c€/kWh<br>"
18647601.2678077,45.264484014571245,"Generation: 78<br>Type: Minimize curtailments<br>Installed power: 195.42 GW<br>Renewable power: 166.59 GW (264.93 %)<br>Emissions: 16,130.64 Kton CO<sub>2</sub> (75.01 %)<br>Imported energy: 109.45 GWh<br>Exported energy: -26355.16 GWh<br>Net cost: 13,631.35 M€<br>Dumped energy cost: 634.39 M€<br>Power PV: 46.96 GW (46715.45225103582)<br>Power wind: 77.47 GW (77042.10180927049)<br>Power CSP: 11.09 GW (8781.511439467278)<br>Match demand = 18,647.60 GWh<br>Minimize cost = 4.53 c€/kWh<br>"
18829003.410712417,45.22820544680675,"Generation: 75<br>Type: Minimize curtailments<br>Installed power: 195.68 GW<br>Renewable power: 166.85 GW (265.35 %)<br>Emissions: 16,100.40 Kton CO<sub>2</sub> (75.05 %)<br>Imported energy: 109.31 GWh<br>Exported energy: -26468.20 GWh<br>Net cost: 13,620.43 M€<br>Dumped energy cost: 640.34 M€<br>Power PV: 47.26 GW (47015.595642009925)<br>Power wind: 77.46 GW (77033.23754631504)<br>Power CSP: 11.05 GW (8750.267349348569)<br>Match demand = 18,829.00 GWh<br>Minimize cost = 4.52 c€/kWh<br>"
18891012.393783655,45.22014441727944,"Generation: 73<br>Type: Minimize curtailments<br>Installed power: 195.76 GW<br>Renewable power: 166.93 GW (265.48 %)<br>Emissions: 16,080.22 Kton CO<sub>2</sub> (75.08 %)<br>Imported energy: 108.95 GWh<br>Exported energy: -26530.88 GWh<br>Net cost: 13,618.00 M€<br>Dumped energy cost: 642.55 M€<br>Power PV: 47.26 GW (47015.595642009925)<br>Power wind: 77.54 GW (77117.38738101415)<br>Power CSP: 11.05 GW (8750.267349348569)<br>Match demand = 18,891.01 GWh<br>Minimize cost = 4.52 c€/kWh<br>"
19004159.433120977,45.21846181773,"Generation: 73<br>Type: Minimize curtailments<br>Installed power: 195.95 GW<br>Renewable power: 167.12 GW (265.77 %)<br>Emissions: 16,122.43 Kton CO<sub>2</sub> (75.02 %)<br>Imported energy: 111.43 GWh<br>Exported energy: -26275.97 GWh<br>Net cost: 13,617.49 M€<br>Dumped energy cost: 644.15 M€<br>Power PV: 48.51 GW (48258.644861188164)<br>Power wind: 76.44 GW (76010.69580516742)<br>Power CSP: 11.10 GW (8797.740666838743)<br>Match demand = 19,004.16 GWh<br>Minimize cost = 4.52 c€/kWh<br>"
18636813.68859063,45.26589606252239,"Generation: 72<br>Type: Minimize curtailments<br>Installed power: 195.40 GW<br>Renewable power: 166.57 GW (264.91 %)<br>Emissions: 16,134.19 Kton CO<sub>2</sub> (75.00 %)<br>Imported energy: 109.51 GWh<br>Exported energy: -26343.98 GWh<br>Net cost: 13,631.78 M€<br>Dumped energy cost: 634.00 M€<br>Power PV: 46.96 GW (46715.45225103582)<br>Power wind: 77.45 GW (77027.33720810794)<br>Power CSP: 11.09 GW (8781.511439467278)<br>Match demand = 18,636.81 GWh<br>Minimize cost = 4.53 c€/kWh<br>"
19059495.837426938,45.197862723389676,"Generation: 72<br>Type: Minimize curtailments<br>Installed power: 196.00 GW<br>Renewable power: 167.17 GW (265.85 %)<br>Emissions: 16,044.48 Kton CO<sub>2</sub> (75.14 %)<br>Imported energy: 108.90 GWh<br>Exported energy: -26622.06 GWh<br>Net cost: 13,611.29 M€<br>Dumped energy cost: 648.04 M€<br>Power PV: 47.54 GW (47290.765188011566)<br>Power wind: 77.51 GW (77078.37863518957)<br>Power CSP: 11.05 GW (8750.267349348569)<br>Match demand = 19,059.50 GWh<br>Minimize cost = 4.52 c€/kWh<br>"
19171244.85414605,45.19501992283646,"Generation: 70<br>Type: Minimize curtailments<br>Installed power: 196.18 GW<br>Renewable power: 167.35 GW (266.15 %)<br>Emissions: 16,095.32 Kton CO<sub>2</sub> (75.06 %)<br>Imported energy: 110.88 GWh<br>Exported energy: -26353.02 GWh<br>Net cost: 13,610.43 M€<br>Dumped energy cost: 649.46 M€<br>Power PV: 48.85 GW (48604.13742264239)<br>Power wind: 76.33 GW (75902.60523488847)<br>Power CSP: 11.10 GW (8797.740666838743)<br>Match demand = 19,171.24 GWh<br>Minimize cost = 4.52 c€/kWh<br>"
19194731.741393834,45.19187925633301,"Generation: 70<br>Type: Minimize curtailments<br>Installed power: 196.22 GW<br>Renewable power: 167.39 GW (266.20 %)<br>Emissions: 16,090.20 Kton CO<sub>2</sub> (75.07 %)<br>Imported energy: 110.78 GWh<br>Exported energy: -26367.68 GWh<br>Net cost: 13,609.49 M€<br>Dumped energy cost: 650.23 M€<br>Power PV: 48.88 GW (48636.84326224682)<br>Power wind: 76.33 GW (75902.60523488847)<br>Power CSP: 11.10 GW (8797.740666838743)<br>Match demand = 19,194.73 GWh<br>Minimize cost = 4.52 c€/kWh<br>"
19194892.619950887,45.19134317353781,"Generation: 68<br>Type: Minimize curtailments<br>Installed power: 196.22 GW<br>Renewable power: 167.39 GW (266.20 %)<br>Emissions: 16,091.51 Kton CO<sub>2</sub> (75.07 %)<br>Imported energy: 110.81 GWh<br>Exported energy: -26363.30 GWh<br>Net cost: 13,609.33 M€<br>Dumped energy cost: 650.20 M€<br>Power PV: 48.90 GW (48656.66688126373)<br>Power wind: 76.31 GW (75884.5541287451)<br>Power CSP: 11.10 GW (8797.740666838743)<br>Match demand = 19,194.89 GWh<br>Minimize cost = 4.52 c€/kWh<br>"
19125816.866054744,45.19674255503342,"Generation: 67<br>Type: Minimize curtailments<br>Installed power: 196.12 GW<br>Renewable power: 167.29 GW (266.04 %)<br>Emissions: 16,089.20 Kton CO<sub>2</sub> (75.07 %)<br>Imported energy: 110.65 GWh<br>Exported energy: -26395.33 GWh<br>Net cost: 13,610.95 M€<br>Dumped energy cost: 648.43 M€<br>Power PV: 48.55 GW (48300.731418157506)<br>Power wind: 76.58 GW (76153.25461993985)<br>Power CSP: 11.09 GW (8782.559375946452)<br>Match demand = 19,125.82 GWh<br>Minimize cost = 4.52 c€/kWh<br>"
19040836.127236072,45.21294399825248,"Generation: 66<br>Type: Minimize curtailments<br>Installed power: 195.96 GW<br>Renewable power: 167.13 GW (265.79 %)<br>Emissions: 16,006.39 Kton CO<sub>2</sub> (75.20 %)<br>Imported energy: 107.38 GWh<br>Exported energy: -26738.92 GWh<br>Net cost: 13,615.83 M€<br>Dumped energy cost: 648.35 M€<br>Power PV: 47.02 GW (46774.70098641391)<br>Power wind: 77.95 GW (77519.91799919769)<br>Power CSP: 11.09 GW (8781.511439467278)<br>Match demand = 19,040.84 GWh<br>Minimize cost = 4.52 c€/kWh<br>"
19454729.67236985,45.1241542079348,"Generation: 65<br>Type: Minimize curtailments<br>Installed power: 196.59 GW<br>Renewable power: 167.76 GW (266.79 %)<br>Emissions: 16,077.67 Kton CO<sub>2</sub> (75.09 %)<br>Imported energy: 109.88 GWh<br>Exported energy: -26522.44 GWh<br>Net cost: 13,589.09 M€<br>Dumped energy cost: 658.60 M€<br>Power PV: 49.42 GW (49176.08023880499)<br>Power wind: 76.26 GW (75828.37810765719)<br>Power CSP: 11.01 GW (8702.461045648637)<br>Match demand = 19,454.73 GWh<br>Minimize cost = 4.51 c€/kWh<br>"
19230572.448996987,45.1304651911455,"Generation: 64<br>Type: Minimize curtailments<br>Installed power: 196.21 GW<br>Renewable power: 167.38 GW (266.19 %)<br>Emissions: 16,003.84 Kton CO<sub>2</sub> (75.20 %)<br>Imported energy: 105.95 GWh<br>Exported energy: -26991.67 GWh<br>Net cost: 13,590.99 M€<br>Dumped energy cost: 655.38 M€<br>Power PV: 47.02 GW (46774.70098641391)<br>Power wind: 78.38 GW (77953.17053522238)<br>Power CSP: 10.90 GW (8600.26784603991)<br>Match demand = 19,230.57 GWh<br>Minimize cost = 4.51 c€/kWh<br>"
19588114.099712145,45.10694413264522,"Generation: 64<br>Type: Minimize curtailments<br>Installed power: 196.77 GW<br>Renewable power: 167.94 GW (267.08 %)<br>Emissions: 16,032.38 Kton CO<sub>2</sub> (75.16 %)<br>Imported energy: 109.00 GWh<br>Exported energy: -26656.53 GWh<br>Net cost: 13,583.91 M€<br>Dumped energy cost: 663.35 M€<br>Power PV: 49.42 GW (49176.08023880499)<br>Power wind: 76.44 GW (76010.69580516742)<br>Power CSP: 11.01 GW (8702.461045648637)<br>Match demand = 19,588.11 GWh<br>Minimize cost = 4.51 c€/kWh<br>"
18678398.9127987,45.260007189958,"Generation: 62<br>Type: Minimize curtailments<br>Installed power: 195.46 GW<br>Renewable power: 166.63 GW (265.00 %)<br>Emissions: 16,124.32 Kton CO<sub>2</sub> (75.02 %)<br>Imported energy: 109.46 GWh<br>Exported energy: -26369.91 GWh<br>Net cost: 13,630.00 M€<br>Dumped energy cost: 635.38 M€<br>Power PV: 47.02 GW (46774.70098641391)<br>Power wind: 77.45 GW (77027.33720810794)<br>Power CSP: 11.09 GW (8781.511439467278)<br>Match demand = 18,678.40 GWh<br>Minimize cost = 4.53 c€/kWh<br>"
19208925.317792475,45.18996661717466,"Generation: 62<br>Type: Minimize curtailments<br>Installed power: 196.24 GW<br>Renewable power: 167.41 GW (266.23 %)<br>Emissions: 16,087.09 Kton CO<sub>2</sub> (75.07 %)<br>Imported energy: 110.72 GWh<br>Exported energy: -26376.61 GWh<br>Net cost: 13,608.91 M€<br>Dumped energy cost: 650.70 M€<br>Power PV: 48.90 GW (48656.66688126373)<br>Power wind: 76.33 GW (75902.60523488847)<br>Power CSP: 11.10 GW (8797.740666838743)<br>Match demand = 19,208.93 GWh<br>Minimize cost = 4.52 c€/kWh<br>"
20055141.32917821,45.03287662049883,"Generation: 62<br>Type: Minimize curtailments<br>Installed power: 197.39 GW<br>Renewable power: 168.56 GW (268.06 %)<br>Emissions: 16,132.84 Kton CO<sub>2</sub> (75.00 %)<br>Imported energy: 114.34 GWh<br>Exported energy: -26475.95 GWh<br>Net cost: 13,561.60 M€<br>Dumped energy cost: 675.72 M€<br>Power PV: 51.76 GW (51513.33349956792)<br>Power wind: 74.78 GW (74357.42634720642)<br>Power CSP: 10.94 GW (8634.45813596994)<br>Match demand = 20,055.14 GWh<br>Minimize cost = 4.50 c€/kWh<br>"
19739101.49504958,45.097213696280704,"Generation: 59<br>Type: Minimize curtailments<br>Installed power: 196.97 GW<br>Renewable power: 168.14 GW (267.41 %)<br>Emissions: 15,989.31 Kton CO<sub>2</sub> (75.22 %)<br>Imported energy: 108.65 GWh<br>Exported energy: -26746.50 GWh<br>Net cost: 13,580.98 M€<br>Dumped energy cost: 668.36 M€<br>Power PV: 49.60 GW (49355.016316532085)<br>Power wind: 76.44 GW (76010.69580516742)<br>Power CSP: 11.03 GW (8729.086973050382)<br>Match demand = 19,739.10 GWh<br>Minimize cost = 4.51 c€/kWh<br>"
20673229.61560098,44.97075868411212,"Generation: 58<br>Type: Minimize curtailments<br>Installed power: 198.18 GW<br>Renewable power: 169.35 GW (269.32 %)<br>Emissions: 15,971.58 Kton CO<sub>2</sub> (75.25 %)<br>Imported energy: 112.44 GWh<br>Exported energy: -26933.25 GWh<br>Net cost: 13,542.90 M€<br>Dumped energy cost: 696.85 M€<br>Power PV: 52.13 GW (51880.23073798479)<br>Power wind: 75.20 GW (74775.12090615294)<br>Power CSP: 10.95 GW (8643.145780227684)<br>Match demand = 20,673.23 GWh<br>Minimize cost = 4.50 c€/kWh<br>"
20695042.463881318,44.968333885976634,"Generation: 58<br>Type: Minimize curtailments<br>Installed power: 198.21 GW<br>Renewable power: 169.38 GW (269.37 %)<br>Emissions: 15,965.07 Kton CO<sub>2</sub> (75.26 %)<br>Imported energy: 112.34 GWh<br>Exported energy: -26952.35 GWh<br>Net cost: 13,542.17 M€<br>Dumped energy cost: 697.61 M€<br>Power PV: 52.13 GW (51884.09728949904)<br>Power wind: 75.23 GW (74799.55186912479)<br>Power CSP: 10.95 GW (8643.145780227684)<br>Match demand = 20,695.04 GWh<br>Minimize cost = 4.50 c€/kWh<br>"
20238425.696149137,44.99082938204346,"Generation: 57<br>Type: Minimize curtailments<br>Installed power: 197.62 GW<br>Renewable power: 168.79 GW (268.44 %)<br>Emissions: 16,127.45 Kton CO<sub>2</sub> (75.01 %)<br>Imported energy: 114.34 GWh<br>Exported energy: -26588.96 GWh<br>Net cost: 13,548.94 M€<br>Dumped energy cost: 681.72 M€<br>Power PV: 52.06 GW (51816.18077482562)<br>Power wind: 74.78 GW (74357.42634720642)<br>Power CSP: 10.87 GW (8569.155336209777)<br>Match demand = 20,238.43 GWh<br>Minimize cost = 4.50 c€/kWh<br>"
20657582.31803732,44.97222500854841,"Generation: 57<br>Type: Minimize curtailments<br>Installed power: 198.16 GW<br>Renewable power: 169.33 GW (269.29 %)<br>Emissions: 15,974.27 Kton CO<sub>2</sub> (75.25 %)<br>Imported energy: 112.45 GWh<br>Exported energy: -26925.04 GWh<br>Net cost: 13,543.34 M€<br>Dumped energy cost: 696.33 M€<br>Power PV: 52.11 GW (51861.03060119044)<br>Power wind: 75.20 GW (74774.98248965206)<br>Power CSP: 10.95 GW (8643.145780227684)<br>Match demand = 20,657.58 GWh<br>Minimize cost = 4.50 c€/kWh<br>"
20215088.615842786,45.020347244426404,"Generation: 56<br>Type: Minimize curtailments<br>Installed power: 197.58 GW<br>Renewable power: 168.75 GW (268.37 %)<br>Emissions: 16,122.24 Kton CO<sub>2</sub> (75.02 %)<br>Imported energy: 114.98 GWh<br>Exported energy: -26508.15 GWh<br>Net cost: 13,557.83 M€<br>Dumped energy cost: 680.68 M€<br>Power PV: 52.14 GW (51895.11332917674)<br>Power wind: 74.59 GW (74165.06618075959)<br>Power CSP: 10.95 GW (8643.145780227684)<br>Match demand = 20,215.09 GWh<br>Minimize cost = 4.50 c€/kWh<br>"
20578166.330995835,44.979612045269334,"Generation: 56<br>Type: Minimize curtailments<br>Installed power: 198.06 GW<br>Renewable power: 169.23 GW (269.13 %)<br>Emissions: 15,985.22 Kton CO<sub>2</sub> (75.23 %)<br>Imported energy: 112.39 GWh<br>Exported energy: -26889.77 GWh<br>Net cost: 13,545.56 M€<br>Dumped energy cost: 693.76 M€<br>Power PV: 51.99 GW (51738.376470637384)<br>Power wind: 75.23 GW (74799.55186912479)<br>Power CSP: 10.95 GW (8643.145780227684)<br>Match demand = 20,578.17 GWh<br>Minimize cost = 4.50 c€/kWh<br>"
20696181.54112958,44.96822555574386,"Generation: 56<br>Type: Minimize curtailments<br>Installed power: 198.21 GW<br>Renewable power: 169.38 GW (269.37 %)<br>Emissions: 15,964.87 Kton CO<sub>2</sub> (75.26 %)<br>Imported energy: 112.34 GWh<br>Exported energy: -26952.95 GWh<br>Net cost: 13,542.13 M€<br>Dumped energy cost: 697.65 M€<br>Power PV: 52.13 GW (51885.511642662634)<br>Power wind: 75.23 GW (74799.55186912479)<br>Power CSP: 10.95 GW (8643.145780227684)<br>Match demand = 20,696.18 GWh<br>Minimize cost = 4.50 c€/kWh<br>"
19570405.607195403,45.118841579160126,"Generation: 55<br>Type: Minimize curtailments<br>Installed power: 196.74 GW<br>Renewable power: 167.91 GW (267.04 %)<br>Emissions: 16,025.83 Kton CO<sub>2</sub> (75.17 %)<br>Imported energy: 109.08 GWh<br>Exported energy: -26642.28 GWh<br>Net cost: 13,587.49 M€<br>Dumped energy cost: 662.79 M€<br>Power PV: 49.37 GW (49122.4823365247)<br>Power wind: 76.44 GW (76010.69580516742)<br>Power CSP: 11.03 GW (8729.086973050382)<br>Match demand = 19,570.41 GWh<br>Minimize cost = 4.51 c€/kWh<br>"
20703661.00840659,44.96751999497473,"Generation: 53<br>Type: Minimize curtailments<br>Installed power: 198.22 GW<br>Renewable power: 169.39 GW (269.38 %)<br>Emissions: 15,963.59 Kton CO<sub>2</sub> (75.26 %)<br>Imported energy: 112.33 GWh<br>Exported energy: -26956.89 GWh<br>Net cost: 13,541.92 M€<br>Dumped energy cost: 697.90 M€<br>Power PV: 52.14 GW (51894.77620534956)<br>Power wind: 75.23 GW (74799.55186912479)<br>Power CSP: 10.95 GW (8643.145780227684)<br>Match demand = 20,703.66 GWh<br>Minimize cost = 4.50 c€/kWh<br>"
19034077.436689436,45.21436924966463,"Generation: 52<br>Type: Minimize curtailments<br>Installed power: 195.99 GW<br>Renewable power: 167.16 GW (265.84 %)<br>Emissions: 16,115.75 Kton CO<sub>2</sub> (75.03 %)<br>Imported energy: 111.30 GWh<br>Exported energy: -26294.91 GWh<br>Net cost: 13,616.26 M€<br>Dumped energy cost: 645.14 M€<br>Power PV: 48.55 GW (48300.731418157506)<br>Power wind: 76.44 GW (76010.69580516742)<br>Power CSP: 11.10 GW (8797.740666838743)<br>Match demand = 19,034.08 GWh<br>Minimize cost = 4.52 c€/kWh<br>"
20188235.27578335,45.02309908545762,"Generation: 52<br>Type: Minimize curtailments<br>Installed power: 197.55 GW<br>Renewable power: 168.72 GW (268.32 %)<br>Emissions: 16,126.99 Kton CO<sub>2</sub> (75.01 %)<br>Imported energy: 114.99 GWh<br>Exported energy: -26493.15 GWh<br>Net cost: 13,558.66 M€<br>Dumped energy cost: 679.79 M€<br>Power PV: 52.11 GW (51861.03060119044)<br>Power wind: 74.59 GW (74165.06618075959)<br>Power CSP: 10.95 GW (8643.145780227684)<br>Match demand = 20,188.24 GWh<br>Minimize cost = 4.50 c€/kWh<br>"
23564272.259632636,43.613108624418516,"Generation: 52<br>Type: Minimize curtailments<br>Installed power: 201.31 GW<br>Renewable power: 172.48 GW (274.29 %)<br>Emissions: 16,133.81 Kton CO<sub>2</sub> (75.00 %)<br>Imported energy: 78.84 GWh<br>Exported energy: -32081.22 GWh<br>Net cost: 13,134.04 M€<br>Dumped energy cost: 818.26 M€<br>Power PV: 47.02 GW (46774.70098641391)<br>Power wind: 87.11 GW (86682.26846494804)<br>Power CSP: 7.27 GW (4968.686197396288)<br>Match demand = 23,564.27 GWh<br>Minimize cost = 4.36 c€/kWh<br>"
20823533.49559092,44.92813359059654,"Generation: 51<br>Type: Minimize curtailments<br>Installed power: 198.38 GW<br>Renewable power: 169.55 GW (269.64 %)<br>Emissions: 15,946.21 Kton CO<sub>2</sub> (75.29 %)<br>Imported energy: 111.42 GWh<br>Exported energy: -27110.81 GWh<br>Net cost: 13,530.06 M€<br>Dumped energy cost: 702.24 M€<br>Power PV: 52.13 GW (51880.75818643452)<br>Power wind: 75.48 GW (75050.50733462846)<br>Power CSP: 10.87 GW (8569.155336209777)<br>Match demand = 20,823.53 GWh<br>Minimize cost = 4.49 c€/kWh<br>"
23707508.201486852,43.601218393316394,"Generation: 51<br>Type: Minimize curtailments<br>Installed power: 201.48 GW<br>Renewable power: 172.65 GW (274.57 %)<br>Emissions: 16,100.83 Kton CO<sub>2</sub> (75.05 %)<br>Imported energy: 78.55 GWh<br>Exported energy: -32180.44 GWh<br>Net cost: 13,130.46 M€<br>Dumped energy cost: 823.28 M€<br>Power PV: 47.11 GW (46857.54530396458)<br>Power wind: 87.20 GW (86775.31458190478)<br>Power CSP: 7.27 GW (4968.686197396288)<br>Match demand = 23,707.51 GWh<br>Minimize cost = 4.36 c€/kWh<br>"
20214821.975136418,45.020374215507424,"Generation: 49<br>Type: Minimize curtailments<br>Installed power: 197.58 GW<br>Renewable power: 168.75 GW (268.37 %)<br>Emissions: 16,122.28 Kton CO<sub>2</sub> (75.02 %)<br>Imported energy: 114.98 GWh<br>Exported energy: -26508.01 GWh<br>Net cost: 13,557.84 M€<br>Dumped energy cost: 680.67 M€<br>Power PV: 52.14 GW (51894.77620534956)<br>Power wind: 74.59 GW (74165.06618075959)<br>Power CSP: 10.95 GW (8643.145780227684)<br>Match demand = 20,214.82 GWh<br>Minimize cost = 4.50 c€/kWh<br>"
20289670.47039386,44.98569857393251,"Generation: 49<br>Type: Minimize curtailments<br>Installed power: 197.69 GW<br>Renewable power: 168.86 GW (268.54 %)<br>Emissions: 16,118.47 Kton CO<sub>2</sub> (75.02 %)<br>Imported energy: 114.31 GWh<br>Exported energy: -26617.05 GWh<br>Net cost: 13,547.40 M€<br>Dumped energy cost: 683.41 M€<br>Power PV: 52.13 GW (51880.75818643452)<br>Power wind: 74.78 GW (74357.42634720642)<br>Power CSP: 10.87 GW (8569.155336209777)<br>Match demand = 20,289.67 GWh<br>Minimize cost = 4.50 c€/kWh<br>"
24110080.023864407,43.4934576584636,"Generation: 48<br>Type: Minimize curtailments<br>Installed power: 202.01 GW<br>Renewable power: 173.18 GW (275.41 %)<br>Emissions: 16,109.29 Kton CO<sub>2</sub> (75.04 %)<br>Imported energy: 78.39 GWh<br>Exported energy: -32444.61 GWh<br>Net cost: 13,098.01 M€<br>Dumped energy cost: 836.46 M€<br>Power PV: 47.81 GW (47564.211421603984)<br>Power wind: 87.23 GW (86803.43658702682)<br>Power CSP: 7.07 GW (4761.388222789354)<br>Match demand = 24,110.08 GWh<br>Minimize cost = 4.35 c€/kWh<br>"
24210141.738997724,43.474705148550946,"Generation: 46<br>Type: Minimize curtailments<br>Installed power: 202.40 GW<br>Renewable power: 173.57 GW (276.03 %)<br>Emissions: 16,125.94 Kton CO<sub>2</sub> (75.01 %)<br>Imported energy: 82.72 GWh<br>Exported energy: -32022.04 GWh<br>Net cost: 13,092.36 M€<br>Dumped energy cost: 833.20 M€<br>Power PV: 50.21 GW (49961.00601981013)<br>Power wind: 85.06 GW (84630.11438172574)<br>Power CSP: 7.23 GW (4928.003275700805)<br>Match demand = 24,210.14 GWh<br>Minimize cost = 4.35 c€/kWh<br>"
23662809.145375337,43.60603715561295,"Generation: 45<br>Type: Minimize curtailments<br>Installed power: 201.42 GW<br>Renewable power: 172.59 GW (274.48 %)<br>Emissions: 16,110.33 Kton CO<sub>2</sub> (75.04 %)<br>Imported energy: 78.57 GWh<br>Exported energy: -32155.64 GWh<br>Net cost: 13,131.91 M€<br>Dumped energy cost: 821.81 M€<br>Power PV: 47.05 GW (46798.003205599234)<br>Power wind: 87.20 GW (86775.31458190478)<br>Power CSP: 7.27 GW (4968.686197396288)<br>Match demand = 23,662.81 GWh<br>Minimize cost = 4.36 c€/kWh<br>"
23861810.434013695,43.54407607374782,"Generation: 45<br>Type: Minimize curtailments<br>Installed power: 201.69 GW<br>Renewable power: 172.86 GW (274.90 %)<br>Emissions: 16,124.97 Kton CO<sub>2</sub> (75.01 %)<br>Imported energy: 78.74 GWh<br>Exported energy: -32281.62 GWh<br>Net cost: 13,113.25 M€<br>Dumped energy cost: 828.22 M€<br>Power PV: 47.45 GW (47198.36821799737)<br>Power wind: 87.19 GW (86765.28659584041)<br>Power CSP: 7.15 GW (4842.678595500389)<br>Match demand = 23,861.81 GWh<br>Minimize cost = 4.35 c€/kWh<br>"
23842170.81968328,43.54533051569854,"Generation: 44<br>Type: Minimize curtailments<br>Installed power: 201.66 GW<br>Renewable power: 172.83 GW (274.86 %)<br>Emissions: 16,129.72 Kton CO<sub>2</sub> (75.01 %)<br>Imported energy: 78.81 GWh<br>Exported energy: -32265.90 GWh<br>Net cost: 13,113.63 M€<br>Dumped energy cost: 827.50 M€<br>Power PV: 47.45 GW (47198.36821799737)<br>Power wind: 87.17 GW (86742.75583566516)<br>Power CSP: 7.15 GW (4842.678595500389)<br>Match demand = 23,842.17 GWh<br>Minimize cost = 4.35 c€/kWh<br>"
23917584.22376144,43.54028616075974,"Generation: 43<br>Type: Minimize curtailments<br>Installed power: 201.75 GW<br>Renewable power: 172.92 GW (275.00 %)<br>Emissions: 16,111.97 Kton CO<sub>2</sub> (75.03 %)<br>Imported energy: 78.56 GWh<br>Exported energy: -32325.99 GWh<br>Net cost: 13,112.11 M€<br>Dumped energy cost: 830.27 M€<br>Power PV: 47.45 GW (47198.36821799737)<br>Power wind: 87.26 GW (86830.40609417572)<br>Power CSP: 7.14 GW (4840.8033541638815)<br>Match demand = 23,917.58 GWh<br>Minimize cost = 4.35 c€/kWh<br>"
24199606.662225876,43.48818011862897,"Generation: 43<br>Type: Minimize curtailments<br>Installed power: 202.39 GW<br>Renewable power: 173.56 GW (276.02 %)<br>Emissions: 16,110.45 Kton CO<sub>2</sub> (75.04 %)<br>Imported energy: 82.78 GWh<br>Exported energy: -31999.52 GWh<br>Net cost: 13,096.42 M€<br>Dumped energy cost: 832.74 M€<br>Power PV: 50.21 GW (49963.17341021838)<br>Power wind: 85.01 GW (84578.00282797846)<br>Power CSP: 7.28 GW (4972.169297742107)<br>Match demand = 24,199.61 GWh<br>Minimize cost = 4.35 c€/kWh<br>"
24446821.140576217,43.42508146502886,"Generation: 43<br>Type: Minimize curtailments<br>Installed power: 202.70 GW<br>Renewable power: 173.87 GW (276.51 %)<br>Emissions: 16,133.97 Kton CO<sub>2</sub> (75.00 %)<br>Imported energy: 83.13 GWh<br>Exported energy: -32136.20 GWh<br>Net cost: 13,077.42 M€<br>Dumped energy cost: 840.56 M€<br>Power PV: 50.73 GW (50478.578083372486)<br>Power wind: 84.93 GW (84498.79571425288)<br>Power CSP: 7.15 GW (4844.203211010012)<br>Match demand = 24,446.82 GWh<br>Minimize cost = 4.34 c€/kWh<br>"
20203750.74534429,45.02149900961195,"Generation: 42<br>Type: Minimize curtailments<br>Installed power: 197.57 GW<br>Renewable power: 168.74 GW (268.35 %)<br>Emissions: 16,124.24 Kton CO<sub>2</sub> (75.02 %)<br>Imported energy: 114.98 GWh<br>Exported energy: -26501.86 GWh<br>Net cost: 13,558.18 M€<br>Dumped energy cost: 680.30 M€<br>Power PV: 52.13 GW (51880.75818643452)<br>Power wind: 74.59 GW (74165.06618075959)<br>Power CSP: 10.95 GW (8643.145780227684)<br>Match demand = 20,203.75 GWh<br>Minimize cost = 4.50 c€/kWh<br>"
23819515.83887168,43.55375350835903,"Generation: 42<br>Type: Minimize curtailments<br>Installed power: 201.64 GW<br>Renewable power: 172.81 GW (274.82 %)<br>Emissions: 16,125.90 Kton CO<sub>2</sub> (75.01 %)<br>Imported energy: 78.80 GWh<br>Exported energy: -32248.90 GWh<br>Net cost: 13,116.17 M€<br>Dumped energy cost: 826.75 M€<br>Power PV: 47.41 GW (47158.167930239826)<br>Power wind: 87.16 GW (86734.7076229313)<br>Power CSP: 7.17 GW (4862.380355986016)<br>Match demand = 23,819.52 GWh<br>Minimize cost = 4.36 c€/kWh<br>"
23823322.724977177,43.553506208734944,"Generation: 42<br>Type: Minimize curtailments<br>Installed power: 201.64 GW<br>Renewable power: 172.81 GW (274.82 %)<br>Emissions: 16,124.98 Kton CO<sub>2</sub> (75.01 %)<br>Imported energy: 78.79 GWh<br>Exported energy: -32251.96 GWh<br>Net cost: 13,116.09 M€<br>Dumped energy cost: 826.89 M€<br>Power PV: 47.41 GW (47158.167930239826)<br>Power wind: 87.17 GW (86739.09150760833)<br>Power CSP: 7.17 GW (4862.380355986016)<br>Match demand = 23,823.32 GWh<br>Minimize cost = 4.36 c€/kWh<br>"
24505443.855485488,43.41680291173059,"Generation: 42<br>Type: Minimize curtailments<br>Installed power: 202.77 GW<br>Renewable power: 173.94 GW (276.63 %)<br>Emissions: 16,130.13 Kton CO<sub>2</sub> (75.01 %)<br>Imported energy: 83.15 GWh<br>Exported energy: -32169.06 GWh<br>Net cost: 13,074.93 M€<br>Dumped energy cost: 842.47 M€<br>Power PV: 50.82 GW (50569.07037491821)<br>Power wind: 84.92 GW (84491.30269768012)<br>Power CSP: 7.14 GW (4833.539405008691)<br>Match demand = 24,505.44 GWh<br>Minimize cost = 4.34 c€/kWh<br>"
23781304.85564556,43.5995120189652,"Generation: 40<br>Type: Minimize curtailments<br>Installed power: 201.55 GW<br>Renewable power: 172.72 GW (274.69 %)<br>Emissions: 16,080.96 Kton CO<sub>2</sub> (75.08 %)<br>Imported energy: 78.13 GWh<br>Exported energy: -32255.58 GWh<br>Net cost: 13,129.95 M€<br>Dumped energy cost: 826.24 M€<br>Power PV: 47.02 GW (46767.14357994794)<br>Power wind: 87.36 GW (86937.59436190623)<br>Power CSP: 7.27 GW (4968.686197396288)<br>Match demand = 23,781.30 GWh<br>Minimize cost = 4.36 c€/kWh<br>"
23850591.953169506,43.54425982199678,"Generation: 40<br>Type: Minimize curtailments<br>Installed power: 201.67 GW<br>Renewable power: 172.84 GW (274.88 %)<br>Emissions: 16,128.47 Kton CO<sub>2</sub> (75.01 %)<br>Imported energy: 78.78 GWh<br>Exported energy: -32273.14 GWh<br>Net cost: 13,113.31 M€<br>Dumped energy cost: 827.81 M€<br>Power PV: 47.45 GW (47198.36821799737)<br>Power wind: 87.18 GW (86753.98112104007)<br>Power CSP: 7.14 GW (4840.8033541638815)<br>Match demand = 23,850.59 GWh<br>Minimize cost = 4.35 c€/kWh<br>"
23949611.951894857,43.538841620865206,"Generation: 40<br>Type: Minimize curtailments<br>Installed power: 201.79 GW<br>Renewable power: 172.96 GW (275.06 %)<br>Emissions: 16,103.50 Kton CO<sub>2</sub> (75.05 %)<br>Imported energy: 78.46 GWh<br>Exported energy: -32350.72 GWh<br>Net cost: 13,111.68 M€<br>Dumped energy cost: 831.44 M€<br>Power PV: 47.45 GW (47198.36821799737)<br>Power wind: 87.29 GW (86865.31101658334)<br>Power CSP: 7.15 GW (4842.678595500389)<br>Match demand = 23,949.61 GWh<br>Minimize cost = 4.35 c€/kWh<br>"
24163251.478357855,43.49016626076538,"Generation: 40<br>Type: Minimize curtailments<br>Installed power: 202.07 GW<br>Renewable power: 173.24 GW (275.51 %)<br>Emissions: 16,096.71 Kton CO<sub>2</sub> (75.06 %)<br>Imported energy: 78.20 GWh<br>Exported energy: -32487.49 GWh<br>Net cost: 13,097.02 M€<br>Dumped energy cost: 838.40 M€<br>Power PV: 47.81 GW (47565.21004159982)<br>Power wind: 87.29 GW (86863.3334173712)<br>Power CSP: 7.07 GW (4761.388222789354)<br>Match demand = 24,163.25 GWh<br>Minimize cost = 4.35 c€/kWh<br>"
24408258.770424295,43.43322761985363,"Generation: 40<br>Type: Minimize curtailments<br>Installed power: 202.61 GW<br>Renewable power: 173.78 GW (276.37 %)<br>Emissions: 16,120.96 Kton CO<sub>2</sub> (75.02 %)<br>Imported energy: 82.05 GWh<br>Exported energy: -32205.49 GWh<br>Net cost: 13,079.87 M€<br>Dumped energy cost: 840.52 M€<br>Power PV: 50.22 GW (49974.36218732734)<br>Power wind: 85.36 GW (84929.51325673818)<br>Power CSP: 7.13 GW (4826.630891458853)<br>Match demand = 24,408.26 GWh<br>Minimize cost = 4.34 c€/kWh<br>"
24573248.762057528,43.41201927847601,"Generation: 40<br>Type: Minimize curtailments<br>Installed power: 202.86 GW<br>Renewable power: 174.03 GW (276.76 %)<br>Emissions: 16,117.61 Kton CO<sub>2</sub> (75.03 %)<br>Imported energy: 83.09 GWh<br>Exported energy: -32207.97 GWh<br>Net cost: 13,073.48 M€<br>Dumped energy cost: 844.73 M€<br>Power PV: 50.89 GW (50642.515750341474)<br>Power wind: 84.93 GW (84498.70090495373)<br>Power CSP: 7.14 GW (4835.889546435672)<br>Match demand = 24,573.25 GWh<br>Minimize cost = 4.34 c€/kWh<br>"
24110830.333543178,43.49337714585945,"Generation: 39<br>Type: Minimize curtailments<br>Installed power: 202.01 GW<br>Renewable power: 173.18 GW (275.41 %)<br>Emissions: 16,109.14 Kton CO<sub>2</sub> (75.04 %)<br>Imported energy: 78.39 GWh<br>Exported energy: -32445.05 GWh<br>Net cost: 13,097.99 M€<br>Dumped energy cost: 836.48 M€<br>Power PV: 47.81 GW (47565.21004159982)<br>Power wind: 87.23 GW (86803.43658702682)<br>Power CSP: 7.07 GW (4761.388222789354)<br>Match demand = 24,110.83 GWh<br>Minimize cost = 4.35 c€/kWh<br>"
24410875.7454281,43.43140995580255,"Generation: 39<br>Type: Minimize curtailments<br>Installed power: 202.62 GW<br>Renewable power: 173.79 GW (276.38 %)<br>Emissions: 16,123.92 Kton CO<sub>2</sub> (75.02 %)<br>Imported energy: 82.20 GWh<br>Exported energy: -32195.36 GWh<br>Net cost: 13,079.32 M€<br>Dumped energy cost: 840.44 M€<br>Power PV: 50.29 GW (50042.06944064506)<br>Power wind: 85.30 GW (84871.52786912644)<br>Power CSP: 7.13 GW (4826.630891458853)<br>Match demand = 24,410.88 GWh<br>Minimize cost = 4.34 c€/kWh<br>"
24718648.65669862,43.38328822577301,"Generation: 38<br>Type: Minimize curtailments<br>Installed power: 203.00 GW<br>Renewable power: 174.17 GW (276.99 %)<br>Emissions: 16,104.16 Kton CO<sub>2</sub> (75.05 %)<br>Imported energy: 82.20 GWh<br>Exported energy: -32375.78 GWh<br>Net cost: 13,064.83 M€<br>Dumped energy cost: 850.52 M€<br>Power PV: 50.74 GW (50496.131790083644)<br>Power wind: 85.29 GW (84867.20799014498)<br>Power CSP: 7.06 GW (4758.343731130891)<br>Match demand = 24,718.65 GWh<br>Minimize cost = 4.34 c€/kWh<br>"
24468367.393401526,43.42065746360642,"Generation: 37<br>Type: Minimize curtailments<br>Installed power: 202.73 GW<br>Renewable power: 173.90 GW (276.56 %)<br>Emissions: 16,134.39 Kton CO<sub>2</sub> (75.00 %)<br>Imported energy: 83.14 GWh<br>Exported energy: -32149.60 GWh<br>Net cost: 13,076.09 M€<br>Dumped energy cost: 841.27 M€<br>Power PV: 50.76 GW (50513.32863855249)<br>Power wind: 84.93 GW (84498.70090495373)<br>Power CSP: 7.14 GW (4835.889546435672)<br>Match demand = 24,468.37 GWh<br>Minimize cost = 4.34 c€/kWh<br>"
24549911.652343214,43.413920250146795,"Generation: 37<br>Type: Minimize curtailments<br>Installed power: 202.83 GW<br>Renewable power: 174.00 GW (276.72 %)<br>Emissions: 16,121.75 Kton CO<sub>2</sub> (75.02 %)<br>Imported energy: 83.12 GWh<br>Exported energy: -32193.43 GWh<br>Net cost: 13,074.06 M€<br>Dumped energy cost: 843.94 M€<br>Power PV: 50.87 GW (50621.427761116494)<br>Power wind: 84.92 GW (84491.30269768012)<br>Power CSP: 7.14 GW (4836.195284486183)<br>Match demand = 24,549.91 GWh<br>Minimize cost = 4.34 c€/kWh<br>"
24772973.387804355,43.35589654752442,"Generation: 37<br>Type: Minimize curtailments<br>Installed power: 203.06 GW<br>Renewable power: 174.23 GW (277.08 %)<br>Emissions: 16,127.79 Kton CO<sub>2</sub> (75.01 %)<br>Imported energy: 82.18 GWh<br>Exported energy: -32431.33 GWh<br>Net cost: 13,056.58 M€<br>Dumped energy cost: 852.46 M€<br>Power PV: 50.81 GW (50559.64031855328)<br>Power wind: 85.37 GW (84938.5612189438)<br>Power CSP: 6.98 GW (4679.318532214423)<br>Match demand = 24,772.97 GWh<br>Minimize cost = 4.34 c€/kWh<br>"
23623174.008407116,43.609609852757096,"Generation: 36<br>Type: Minimize curtailments<br>Installed power: 201.37 GW<br>Renewable power: 172.54 GW (274.40 %)<br>Emissions: 16,119.30 Kton CO<sub>2</sub> (75.02 %)<br>Imported energy: 78.63 GWh<br>Exported energy: -32129.67 GWh<br>Net cost: 13,132.99 M€<br>Dumped energy cost: 820.44 M€<br>Power PV: 47.02 GW (46767.14357994794)<br>Power wind: 87.18 GW (86756.36715974448)<br>Power CSP: 7.27 GW (4968.686197396288)<br>Match demand = 23,623.17 GWh<br>Minimize cost = 4.36 c€/kWh<br>"
24400925.82085639,43.434066230839576,"Generation: 36<br>Type: Minimize curtailments<br>Installed power: 202.60 GW<br>Renewable power: 173.77 GW (276.35 %)<br>Emissions: 16,121.76 Kton CO<sub>2</sub> (75.02 %)<br>Imported energy: 82.04 GWh<br>Exported energy: -32203.09 GWh<br>Net cost: 13,080.12 M€<br>Dumped energy cost: 840.30 M€<br>Power PV: 50.20 GW (49956.43700909298)<br>Power wind: 85.36 GW (84937.4297158664)<br>Power CSP: 7.13 GW (4826.630891458853)<br>Match demand = 24,400.93 GWh<br>Minimize cost = 4.34 c€/kWh<br>"
23645307.31572567,43.6079223790333,"Generation: 35<br>Type: Minimize curtailments<br>Installed power: 201.40 GW<br>Renewable power: 172.57 GW (274.44 %)<br>Emissions: 16,114.07 Kton CO<sub>2</sub> (75.03 %)<br>Imported energy: 78.58 GWh<br>Exported energy: -32145.99 GWh<br>Net cost: 13,132.48 M€<br>Dumped energy cost: 821.23 M€<br>Power PV: 47.02 GW (46774.70098641391)<br>Power wind: 87.20 GW (86775.31458190478)<br>Power CSP: 7.27 GW (4968.686197396288)<br>Match demand = 23,645.31 GWh<br>Minimize cost = 4.36 c€/kWh<br>"
24057770.50680713,43.49707774334956,"Generation: 35<br>Type: Minimize curtailments<br>Installed power: 201.95 GW<br>Renewable power: 173.12 GW (275.31 %)<br>Emissions: 16,121.23 Kton CO<sub>2</sub> (75.02 %)<br>Imported energy: 78.58 GWh<br>Exported energy: -32405.16 GWh<br>Net cost: 13,099.10 M€<br>Dumped energy cost: 834.57 M€<br>Power PV: 47.80 GW (47551.281493904884)<br>Power wind: 87.18 GW (86755.13006952511)<br>Power CSP: 7.07 GW (4761.388222789354)<br>Match demand = 24,057.77 GWh<br>Minimize cost = 4.35 c€/kWh<br>"
24737190.952507973,43.364266933356,"Generation: 35<br>Type: Minimize curtailments<br>Installed power: 203.02 GW<br>Renewable power: 174.19 GW (277.02 %)<br>Emissions: 16,127.98 Kton CO<sub>2</sub> (75.01 %)<br>Imported energy: 82.31 GWh<br>Exported energy: -32394.49 GWh<br>Net cost: 13,059.10 M€<br>Dumped energy cost: 851.09 M€<br>Power PV: 50.82 GW (50569.573076185654)<br>Power wind: 85.30 GW (84869.76412150804)<br>Power CSP: 7.01 GW (4701.324309595355)<br>Match demand = 24,737.19 GWh<br>Minimize cost = 4.34 c€/kWh<br>"
24112075.090263058,43.49329968211486,"Generation: 34<br>Type: Minimize curtailments<br>Installed power: 202.01 GW<br>Renewable power: 173.18 GW (275.42 %)<br>Emissions: 16,108.84 Kton CO<sub>2</sub> (75.04 %)<br>Imported energy: 78.39 GWh<br>Exported energy: -32446.06 GWh<br>Net cost: 13,097.96 M€<br>Dumped energy cost: 836.53 M€<br>Power PV: 47.81 GW (47565.21004159982)<br>Power wind: 87.23 GW (86804.85740713881)<br>Power CSP: 7.07 GW (4761.388222789354)<br>Match demand = 24,112.08 GWh<br>Minimize cost = 4.35 c€/kWh<br>"
24392836.77969011,43.434151078609275,"Generation: 34<br>Type: Minimize curtailments<br>Installed power: 202.59 GW<br>Renewable power: 173.76 GW (276.34 %)<br>Emissions: 16,124.65 Kton CO<sub>2</sub> (75.02 %)<br>Imported energy: 82.11 GWh<br>Exported energy: -32193.50 GWh<br>Net cost: 13,080.15 M€<br>Dumped energy cost: 839.96 M€<br>Power PV: 50.22 GW (49974.36218732734)<br>Power wind: 85.34 GW (84912.05771912199)<br>Power CSP: 7.13 GW (4826.630891458853)<br>Match demand = 24,392.84 GWh<br>Minimize cost = 4.34 c€/kWh<br>"
24744104.778797258,43.36117410880593,"Generation: 34<br>Type: Minimize curtailments<br>Installed power: 203.03 GW<br>Renewable power: 174.20 GW (277.03 %)<br>Emissions: 16,130.23 Kton CO<sub>2</sub> (75.01 %)<br>Imported energy: 82.30 GWh<br>Exported energy: -32402.27 GWh<br>Net cost: 13,058.17 M€<br>Dumped energy cost: 851.35 M€<br>Power PV: 50.82 GW (50571.8663089375)<br>Power wind: 85.31 GW (84883.30614542075)<br>Power CSP: 7.00 GW (4692.212413529181)<br>Match demand = 24,744.10 GWh<br>Minimize cost = 4.34 c€/kWh<br>"
24958339.68418912,43.33604492046496,"Generation: 34<br>Type: Minimize curtailments<br>Installed power: 203.26 GW<br>Renewable power: 174.43 GW (277.40 %)<br>Emissions: 16,095.41 Kton CO<sub>2</sub> (75.06 %)<br>Imported energy: 80.73 GWh<br>Exported energy: -32596.07 GWh<br>Net cost: 13,050.61 M€<br>Dumped energy cost: 859.39 M€<br>Power PV: 50.76 GW (50510.31254273379)<br>Power wind: 85.65 GW (85223.51090227644)<br>Power CSP: 6.95 GW (4644.006780782736)<br>Match demand = 24,958.34 GWh<br>Minimize cost = 4.33 c€/kWh<br>"
24447648.78576516,43.4249489226811,"Generation: 33<br>Type: Minimize curtailments<br>Installed power: 202.70 GW<br>Renewable power: 173.87 GW (276.52 %)<br>Emissions: 16,134.06 Kton CO<sub>2</sub> (75.00 %)<br>Imported energy: 83.14 GWh<br>Exported energy: -32136.01 GWh<br>Net cost: 13,077.38 M€<br>Dumped energy cost: 840.58 M€<br>Power PV: 50.73 GW (50483.045359386415)<br>Power wind: 84.92 GW (84495.62355198237)<br>Power CSP: 7.15 GW (4844.203211010012)<br>Match demand = 24,447.65 GWh<br>Minimize cost = 4.34 c€/kWh<br>"
24732947.212533657,43.38261529635599,"Generation: 33<br>Type: Minimize curtailments<br>Installed power: 203.02 GW<br>Renewable power: 174.19 GW (277.02 %)<br>Emissions: 16,100.83 Kton CO<sub>2</sub> (75.05 %)<br>Imported energy: 82.15 GWh<br>Exported energy: -32386.66 GWh<br>Net cost: 13,064.63 M€<br>Dumped energy cost: 851.04 M€<br>Power PV: 50.74 GW (50496.131790083644)<br>Power wind: 85.31 GW (84882.99164009628)<br>Power CSP: 7.06 GW (4758.343731130891)<br>Match demand = 24,732.95 GWh<br>Minimize cost = 4.34 c€/kWh<br>"
24800953.72213426,43.35372914823887,"Generation: 33<br>Type: Minimize curtailments<br>Installed power: 203.09 GW<br>Renewable power: 174.26 GW (277.13 %)<br>Emissions: 16,122.96 Kton CO<sub>2</sub> (75.02 %)<br>Imported energy: 82.15 GWh<br>Exported energy: -32447.68 GWh<br>Net cost: 13,055.93 M€<br>Dumped energy cost: 853.39 M€<br>Power PV: 50.84 GW (50588.26332223768)<br>Power wind: 85.37 GW (84943.79401291814)<br>Power CSP: 6.98 GW (4679.318532214423)<br>Match demand = 24,800.95 GWh<br>Minimize cost = 4.34 c€/kWh<br>"
23578188.698894396,43.61219200884831,"Generation: 31<br>Type: Minimize curtailments<br>Installed power: 201.32 GW<br>Renewable power: 172.49 GW (274.32 %)<br>Emissions: 16,130.41 Kton CO<sub>2</sub> (75.01 %)<br>Imported energy: 78.79 GWh<br>Exported energy: -32092.39 GWh<br>Net cost: 13,133.77 M€<br>Dumped energy cost: 818.77 M€<br>Power PV: 47.02 GW (46774.70098641391)<br>Power wind: 87.13 GW (86698.30753769526)<br>Power CSP: 7.27 GW (4968.686197396288)<br>Match demand = 23,578.19 GWh<br>Minimize cost = 4.36 c€/kWh<br>"
25045221.40131967,43.330978576877904,"Generation: 31<br>Type: Minimize curtailments<br>Installed power: 203.36 GW<br>Renewable power: 174.53 GW (277.55 %)<br>Emissions: 16,075.56 Kton CO<sub>2</sub> (75.09 %)<br>Imported energy: 80.45 GWh<br>Exported energy: -32663.44 GWh<br>Net cost: 13,049.08 M€<br>Dumped energy cost: 862.55 M€<br>Power PV: 50.76 GW (50513.011208302356)<br>Power wind: 85.75 GW (85319.21872040165)<br>Power CSP: 6.95 GW (4643.188414393756)<br>Match demand = 25,045.22 GWh<br>Minimize cost = 4.33 c€/kWh<br>"
24482757.733942904,43.42010775437429,"Generation: 30<br>Type: Minimize curtailments<br>Installed power: 202.75 GW<br>Renewable power: 173.92 GW (276.58 %)<br>Emissions: 16,131.60 Kton CO<sub>2</sub> (75.00 %)<br>Imported energy: 83.15 GWh<br>Exported energy: -32155.73 GWh<br>Net cost: 13,075.92 M€<br>Dumped energy cost: 841.72 M€<br>Power PV: 50.78 GW (50536.767770575665)<br>Power wind: 84.92 GW (84491.30269768012)<br>Power CSP: 7.14 GW (4838.123866611976)<br>Match demand = 24,482.76 GWh<br>Minimize cost = 4.34 c€/kWh<br>"
25028322.47573678,43.334462582211366,"Generation: 30<br>Type: Minimize curtailments<br>Installed power: 203.34 GW<br>Renewable power: 174.51 GW (277.53 %)<br>Emissions: 16,077.87 Kton CO<sub>2</sub> (75.09 %)<br>Imported energy: 80.61 GWh<br>Exported energy: -32635.21 GWh<br>Net cost: 13,050.13 M€<br>Dumped energy cost: 861.75 M€<br>Power PV: 50.82 GW (50570.30087406563)<br>Power wind: 85.66 GW (85236.58758080108)<br>Power CSP: 6.96 GW (4655.884257458568)<br>Match demand = 25,028.32 GWh<br>Minimize cost = 4.33 c€/kWh<br>"
23628826.27012501,43.60899374684187,"Generation: 29<br>Type: Minimize curtailments<br>Installed power: 201.38 GW<br>Renewable power: 172.55 GW (274.41 %)<br>Emissions: 16,118.09 Kton CO<sub>2</sub> (75.03 %)<br>Imported energy: 78.63 GWh<br>Exported energy: -32132.83 GWh<br>Net cost: 13,132.80 M€<br>Dumped energy cost: 820.63 M€<br>Power PV: 47.02 GW (46774.70098641391)<br>Power wind: 87.18 GW (86756.36715974448)<br>Power CSP: 7.27 GW (4968.686197396288)<br>Match demand = 23,628.83 GWh<br>Minimize cost = 4.36 c€/kWh<br>"
24356855.736208934,43.43618360718271,"Generation: 29<br>Type: Minimize curtailments<br>Installed power: 202.55 GW<br>Renewable power: 173.72 GW (276.28 %)<br>Emissions: 16,133.26 Kton CO<sub>2</sub> (75.00 %)<br>Imported energy: 82.23 GWh<br>Exported energy: -32165.63 GWh<br>Net cost: 13,080.76 M€<br>Dumped energy cost: 838.66 M€<br>Power PV: 50.22 GW (49974.36218732734)<br>Power wind: 85.30 GW (84871.52786912644)<br>Power CSP: 7.13 GW (4826.630891458853)<br>Match demand = 24,356.86 GWh<br>Minimize cost = 4.34 c€/kWh<br>"
24482817.388362724,43.42010278488237,"Generation: 29<br>Type: Minimize curtailments<br>Installed power: 202.75 GW<br>Renewable power: 173.92 GW (276.58 %)<br>Emissions: 16,131.59 Kton CO<sub>2</sub> (75.00 %)<br>Imported energy: 83.15 GWh<br>Exported energy: -32155.77 GWh<br>Net cost: 13,075.92 M€<br>Dumped energy cost: 841.73 M€<br>Power PV: 50.78 GW (50536.84137554616)<br>Power wind: 84.92 GW (84491.30269768012)<br>Power CSP: 7.14 GW (4838.123866611976)<br>Match demand = 24,482.82 GWh<br>Minimize cost = 4.34 c€/kWh<br>"
24379473.50200261,43.43480530925874,"Generation: 27<br>Type: Minimize curtailments<br>Installed power: 202.58 GW<br>Renewable power: 173.75 GW (276.32 %)<br>Emissions: 16,127.79 Kton CO<sub>2</sub> (75.01 %)<br>Imported energy: 82.15 GWh<br>Exported energy: -32183.31 GWh<br>Net cost: 13,080.35 M€<br>Dumped energy cost: 839.48 M€<br>Power PV: 50.22 GW (49974.36218732734)<br>Power wind: 85.32 GW (84897.23633619967)<br>Power CSP: 7.13 GW (4826.630891458853)<br>Match demand = 24,379.47 GWh<br>Minimize cost = 4.34 c€/kWh<br>"
25230641.990551353,43.32662849340784,"Generation: 27<br>Type: Minimize curtailments<br>Installed power: 203.65 GW<br>Renewable power: 174.82 GW (278.02 %)<br>Emissions: 16,100.22 Kton CO<sub>2</sub> (75.05 %)<br>Imported energy: 83.72 GWh<br>Exported energy: -32486.11 GWh<br>Net cost: 13,047.77 M€<br>Dumped energy cost: 865.34 M€<br>Power PV: 52.15 GW (51900.83943734552)<br>Power wind: 84.57 GW (84142.28750566028)<br>Power CSP: 7.03 GW (4728.301450119599)<br>Match demand = 25,230.64 GWh<br>Minimize cost = 4.33 c€/kWh<br>"
24611810.993574288,43.389091475711275,"Generation: 26<br>Type: Minimize curtailments<br>Installed power: 202.88 GW<br>Renewable power: 174.05 GW (276.79 %)<br>Emissions: 16,129.57 Kton CO<sub>2</sub> (75.01 %)<br>Imported energy: 82.48 GWh<br>Exported energy: -32299.84 GWh<br>Net cost: 13,066.58 M€<br>Dumped energy cost: 846.74 M€<br>Power PV: 50.71 GW (50461.62971243016)<br>Power wind: 85.21 GW (84781.41587955707)<br>Power CSP: 7.06 GW (4753.827651742487)<br>Match demand = 24,611.81 GWh<br>Minimize cost = 4.34 c€/kWh<br>"
23914682.17882892,43.54046484809978,"Generation: 24<br>Type: Minimize curtailments<br>Installed power: 201.75 GW<br>Renewable power: 172.92 GW (274.99 %)<br>Emissions: 16,112.67 Kton CO<sub>2</sub> (75.03 %)<br>Imported energy: 78.57 GWh<br>Exported energy: -32323.71 GWh<br>Net cost: 13,112.17 M€<br>Dumped energy cost: 830.16 M€<br>Power PV: 47.45 GW (47198.36821799737)<br>Power wind: 87.25 GW (86827.10393141204)<br>Power CSP: 7.14 GW (4840.8033541638815)<br>Match demand = 23,914.68 GWh<br>Minimize cost = 4.35 c€/kWh<br>"
25741454.44940534,43.228980383057,"Generation: 23<br>Type: Minimize curtailments<br>Installed power: 204.20 GW<br>Renewable power: 175.37 GW (278.90 %)<br>Emissions: 16,073.12 Kton CO<sub>2</sub> (75.10 %)<br>Imported energy: 82.05 GWh<br>Exported energy: -32967.73 GWh<br>Net cost: 13,018.36 M€<br>Dumped energy cost: 884.23 M€<br>Power PV: 52.15 GW (51899.091292542886)<br>Power wind: 85.35 GW (84926.58717101305)<br>Power CSP: 6.80 GW (4495.84761610895)<br>Match demand = 25,741.45 GWh<br>Minimize cost = 4.32 c€/kWh<br>"
25877327.30497545,43.11356838808935,"Generation: 22<br>Type: Minimize curtailments<br>Installed power: 204.22 GW<br>Renewable power: 175.39 GW (278.92 %)<br>Emissions: 16,125.22 Kton CO<sub>2</sub> (75.01 %)<br>Imported energy: 78.18 GWh<br>Exported energy: -33509.82 GWh<br>Net cost: 12,983.61 M€<br>Dumped energy cost: 893.96 M€<br>Power PV: 50.77 GW (50523.25517460789)<br>Power wind: 87.18 GW (86756.36715974448)<br>Power CSP: 6.36 GW (4056.468206762478)<br>Match demand = 25,877.33 GWh<br>Minimize cost = 4.31 c€/kWh<br>"
26079702.51311284,43.101357795761906,"Generation: 22<br>Type: Minimize curtailments<br>Installed power: 204.51 GW<br>Renewable power: 175.68 GW (279.38 %)<br>Emissions: 16,120.01 Kton CO<sub>2</sub> (75.02 %)<br>Imported energy: 79.42 GWh<br>Exported energy: -33474.98 GWh<br>Net cost: 12,979.93 M€<br>Dumped energy cost: 898.69 M€<br>Power PV: 51.65 GW (51399.073030284824)<br>Power wind: 86.55 GW (86126.87671133647)<br>Power CSP: 6.40 GW (4100.443082507977)<br>Match demand = 26,079.70 GWh<br>Minimize cost = 4.31 c€/kWh<br>"
25913856.707389373,43.110572207118715,"Generation: 21<br>Type: Minimize curtailments<br>Installed power: 204.26 GW<br>Renewable power: 175.43 GW (278.99 %)<br>Emissions: 16,119.64 Kton CO<sub>2</sub> (75.02 %)<br>Imported energy: 78.15 GWh<br>Exported energy: -33529.82 GWh<br>Net cost: 12,982.70 M€<br>Dumped energy cost: 895.16 M€<br>Power PV: 50.82 GW (50570.99634452939)<br>Power wind: 87.18 GW (86753.82256350553)<br>Power CSP: 6.36 GW (4056.468206762478)<br>Match demand = 25,913.86 GWh<br>Minimize cost = 4.31 c€/kWh<br>"
26390751.28520889,43.072279733148655,"Generation: 21<br>Type: Minimize curtailments<br>Installed power: 204.90 GW<br>Renewable power: 176.07 GW (280.01 %)<br>Emissions: 16,101.41 Kton CO<sub>2</sub> (75.05 %)<br>Imported energy: 79.95 GWh<br>Exported energy: -33604.47 GWh<br>Net cost: 12,971.17 M€<br>Dumped energy cost: 908.15 M€<br>Power PV: 52.30 GW (52054.23295086602)<br>Power wind: 86.30 GW (85869.75791224085)<br>Power CSP: 6.40 GW (4093.2415558705497)<br>Match demand = 26,390.75 GWh<br>Minimize cost = 4.31 c€/kWh<br>"
26133955.189643424,43.09776164467886,"Generation: 20<br>Type: Minimize curtailments<br>Installed power: 204.51 GW<br>Renewable power: 175.68 GW (279.39 %)<br>Emissions: 16,068.20 Kton CO<sub>2</sub> (75.10 %)<br>Imported energy: 77.42 GWh<br>Exported energy: -33709.62 GWh<br>Net cost: 12,978.85 M€<br>Dumped energy cost: 903.22 M€<br>Power PV: 50.82 GW (50570.99634452939)<br>Power wind: 87.43 GW (87004.89472775026)<br>Power CSP: 6.36 GW (4056.468206762478)<br>Match demand = 26,133.96 GWh<br>Minimize cost = 4.31 c€/kWh<br>"
26435151.1727996,43.06759948646866,"Generation: 20<br>Type: Minimize curtailments<br>Installed power: 204.95 GW<br>Renewable power: 176.12 GW (280.09 %)<br>Emissions: 16,093.40 Kton CO<sub>2</sub> (75.06 %)<br>Imported energy: 79.82 GWh<br>Exported energy: -33644.42 GWh<br>Net cost: 12,969.76 M€<br>Dumped energy cost: 909.79 M€<br>Power PV: 52.30 GW (52054.23295086602)<br>Power wind: 86.35 GW (85926.95345347738)<br>Power CSP: 6.39 GW (4086.9387220150234)<br>Match demand = 26,435.15 GWh<br>Minimize cost = 4.31 c€/kWh<br>"
26669188.95379583,42.99564476655293,"Generation: 19<br>Type: Minimize curtailments<br>Installed power: 205.16 GW<br>Renewable power: 176.33 GW (280.42 %)<br>Emissions: 16,101.03 Kton CO<sub>2</sub> (75.05 %)<br>Imported energy: 78.81 GWh<br>Exported energy: -33973.98 GWh<br>Net cost: 12,948.09 M€<br>Dumped energy cost: 919.91 M€<br>Power PV: 51.91 GW (51662.828065644426)<br>Power wind: 87.18 GW (86752.54966501864)<br>Power CSP: 6.17 GW (3862.687067153851)<br>Match demand = 26,669.19 GWh<br>Minimize cost = 4.30 c€/kWh<br>"
26650113.479389634,42.99673611173603,"Generation: 18<br>Type: Minimize curtailments<br>Installed power: 205.14 GW<br>Renewable power: 176.31 GW (280.39 %)<br>Emissions: 16,105.43 Kton CO<sub>2</sub> (75.05 %)<br>Imported energy: 78.87 GWh<br>Exported energy: -33958.56 GWh<br>Net cost: 12,948.42 M€<br>Dumped energy cost: 919.21 M€<br>Power PV: 51.91 GW (51662.52409021198)<br>Power wind: 87.16 GW (86731.14586388104)<br>Power CSP: 6.17 GW (3862.7016213770557)<br>Match demand = 26,650.11 GWh<br>Minimize cost = 4.30 c€/kWh<br>"
26746178.67907389,42.99146517032729,"Generation: 18<br>Type: Minimize curtailments<br>Installed power: 205.24 GW<br>Renewable power: 176.41 GW (280.56 %)<br>Emissions: 16,083.21 Kton CO<sub>2</sub> (75.08 %)<br>Imported energy: 78.57 GWh<br>Exported energy: -34036.54 GWh<br>Net cost: 12,946.84 M€<br>Dumped energy cost: 922.73 M€<br>Power PV: 51.91 GW (51660.77642120822)<br>Power wind: 87.27 GW (86841.43951985949)<br>Power CSP: 6.17 GW (3862.7016213770557)<br>Match demand = 26,746.18 GWh<br>Minimize cost = 4.30 c€/kWh<br>"
26871791.11965195,42.975642329584126,"Generation: 18<br>Type: Minimize curtailments<br>Installed power: 205.40 GW<br>Renewable power: 176.57 GW (280.80 %)<br>Emissions: 16,075.62 Kton CO<sub>2</sub> (75.09 %)<br>Imported energy: 78.62 GWh<br>Exported energy: -34116.22 GWh<br>Net cost: 12,942.07 M€<br>Dumped energy cost: 926.85 M€<br>Power PV: 52.08 GW (51834.481408232175)<br>Power wind: 87.27 GW (86840.64167459625)<br>Power CSP: 6.15 GW (3842.044463449613)<br>Match demand = 26,871.79 GWh<br>Minimize cost = 4.30 c€/kWh<br>"
26837673.37668548,42.98767814351548,"Generation: 17<br>Type: Minimize curtailments<br>Installed power: 205.36 GW<br>Renewable power: 176.53 GW (280.73 %)<br>Emissions: 16,063.20 Kton CO<sub>2</sub> (75.11 %)<br>Imported energy: 78.41 GWh<br>Exported energy: -34096.44 GWh<br>Net cost: 12,945.69 M€<br>Dumped energy cost: 925.85 M€<br>Power PV: 51.98 GW (51732.61802046422)<br>Power wind: 87.30 GW (86871.2224315341)<br>Power CSP: 6.18 GW (3872.0774509249172)<br>Match demand = 26,837.67 GWh<br>Minimize cost = 4.30 c€/kWh<br>"
26859064.685130276,42.98266842929918,"Generation: 17<br>Type: Minimize curtailments<br>Installed power: 205.38 GW<br>Renewable power: 176.55 GW (280.78 %)<br>Emissions: 16,067.24 Kton CO<sub>2</sub> (75.10 %)<br>Imported energy: 78.53 GWh<br>Exported energy: -34105.66 GWh<br>Net cost: 12,944.19 M€<br>Dumped energy cost: 926.45 M€<br>Power PV: 52.05 GW (51800.51394173427)<br>Power wind: 87.27 GW (86840.64167459625)<br>Power CSP: 6.17 GW (3862.635293159527)<br>Match demand = 26,859.06 GWh<br>Minimize cost = 4.30 c€/kWh<br>"
27312487.677594054,42.95131397528548,"Generation: 16<br>Type: Minimize curtailments<br>Installed power: 205.93 GW<br>Renewable power: 177.10 GW (281.64 %)<br>Emissions: 16,008.03 Kton CO<sub>2</sub> (75.20 %)<br>Imported energy: 78.34 GWh<br>Exported energy: -34372.72 GWh<br>Net cost: 12,934.74 M€<br>Dumped energy cost: 941.42 M€<br>Power PV: 52.59 GW (52341.76068518834)<br>Power wind: 87.27 GW (86840.64167459625)<br>Power CSP: 6.17 GW (3862.7016213770557)<br>Match demand = 27,312.49 GWh<br>Minimize cost = 4.30 c€/kWh<br>"
25916083.003585648,43.11043981443134,"Generation: 15<br>Type: Minimize curtailments<br>Installed power: 204.26 GW<br>Renewable power: 175.43 GW (279.00 %)<br>Emissions: 16,119.12 Kton CO<sub>2</sub> (75.02 %)<br>Imported energy: 78.15 GWh<br>Exported energy: -33531.65 GWh<br>Net cost: 12,982.66 M€<br>Dumped energy cost: 895.24 M€<br>Power PV: 50.82 GW (50570.99634452939)<br>Power wind: 87.18 GW (86756.36715974448)<br>Power CSP: 6.36 GW (4056.468206762478)<br>Match demand = 25,916.08 GWh<br>Minimize cost = 4.31 c€/kWh<br>"
26747139.49225259,42.99137415447837,"Generation: 15<br>Type: Minimize curtailments<br>Installed power: 205.25 GW<br>Renewable power: 176.42 GW (280.56 %)<br>Emissions: 16,083.13 Kton CO<sub>2</sub> (75.08 %)<br>Imported energy: 78.57 GWh<br>Exported energy: -34036.99 GWh<br>Net cost: 12,946.81 M€<br>Dumped energy cost: 922.76 M€<br>Power PV: 51.91 GW (51662.828065644426)<br>Power wind: 87.27 GW (86840.64167459625)<br>Power CSP: 6.17 GW (3862.7016213770557)<br>Match demand = 26,747.14 GWh<br>Minimize cost = 4.30 c€/kWh<br>"
26964575.51298555,42.974947627983006,"Generation: 13<br>Type: Minimize curtailments<br>Installed power: 205.51 GW<br>Renewable power: 176.68 GW (280.98 %)<br>Emissions: 16,052.74 Kton CO<sub>2</sub> (75.13 %)<br>Imported energy: 78.48 GWh<br>Exported energy: -34168.63 GWh<br>Net cost: 12,941.86 M€<br>Dumped energy cost: 929.93 M€<br>Power PV: 52.18 GW (51928.19159438585)<br>Power wind: 87.27 GW (86840.64167459625)<br>Power CSP: 6.17 GW (3862.7016213770557)<br>Match demand = 26,964.58 GWh<br>Minimize cost = 4.30 c€/kWh<br>"
29195128.438625064,42.86065475847527,"Generation: 13<br>Type: Minimize curtailments<br>Installed power: 208.02 GW<br>Renewable power: 179.19 GW (284.97 %)<br>Emissions: 15,668.13 Kton CO<sub>2</sub> (75.72 %)<br>Imported energy: 73.21 GWh<br>Exported energy: -35665.42 GWh<br>Net cost: 12,907.44 M€<br>Dumped energy cost: 1,007.76 M€<br>Power PV: 53.38 GW (53136.88469264933)<br>Power wind: 88.56 GW (88131.71347145007)<br>Power CSP: 6.18 GW (3871.0290181917735)<br>Match demand = 29,195.13 GWh<br>Minimize cost = 4.29 c€/kWh<br>"
27318865.753639866,42.930868016822615,"Generation: 12<br>Type: Minimize curtailments<br>Installed power: 205.95 GW<br>Renewable power: 177.12 GW (281.68 %)<br>Emissions: 16,101.99 Kton CO<sub>2</sub> (75.05 %)<br>Imported energy: 79.53 GWh<br>Exported energy: -34240.10 GWh<br>Net cost: 12,928.59 M€<br>Dumped energy cost: 939.32 M€<br>Power PV: 53.38 GW (53136.88469264933)<br>Power wind: 86.55 GW (86122.03176371561)<br>Power CSP: 6.12 GW (3813.7167296044495)<br>Match demand = 27,318.87 GWh<br>Minimize cost = 4.29 c€/kWh<br>"
31687839.801989365,42.214761873961876,"Generation: 7<br>Type: Minimize curtailments<br>Installed power: 210.03 GW<br>Renewable power: 181.20 GW (288.16 %)<br>Emissions: 16,017.43 Kton CO<sub>2</sub> (75.18 %)<br>Imported energy: 76.14 GWh<br>Exported energy: -38295.11 GWh<br>Net cost: 12,712.93 M€<br>Dumped energy cost: 1,110.52 M€<br>Power PV: 51.49 GW (51239.83928415735)<br>Power wind: 94.71 GW (94283.74589615481)<br>Power CSP: 3.93 GW (1623)<br>Match demand = 31,687.84 GWh<br>Minimize cost = 4.22 c€/kWh<br>"
39773725.34784959,42.022473839955985,"Generation: 6<br>Type: Minimize curtailments<br>Installed power: 218.22 GW<br>Renewable power: 189.39 GW (301.19 %)<br>Emissions: 15,766.40 Kton CO<sub>2</sub> (75.57 %)<br>Imported energy: 70.04 GWh<br>Exported energy: -41166.76 GWh<br>Net cost: 12,655.02 M€<br>Dumped energy cost: 1,364.07 M€<br>Power PV: 63.16 GW (62915.75601893349)<br>Power wind: 91.23 GW (90798.82580933004)<br>Power CSP: 3.93 GW (1623)<br>Match demand = 39,773.73 GWh<br>Minimize cost = 4.20 c€/kWh<br>"
21954085.602394607,44.3936750250729,"Generation: 4<br>Type: Minimize curtailments<br>Installed power: 199.88 GW<br>Renewable power: 171.05 GW (272.03 %)<br>Emissions: 15,903.79 Kton CO<sub>2</sub> (75.36 %)<br>Imported energy: 99.69 GWh<br>Exported energy: -28946.37 GWh<br>Net cost: 13,369.11 M€<br>Dumped energy cost: 745.72 M€<br>Power PV: 51.24 GW (50989.59614896629)<br>Power wind: 79.09 GW (78666.6184668917)<br>Power CSP: 9.65 GW (7345.012920515093)<br>Match demand = 21,954.09 GWh<br>Minimize cost = 4.44 c€/kWh<br>"
40487715.73924065,41.759549968553145,"Generation: 4<br>Type: Minimize curtailments<br>Installed power: 218.89 GW<br>Renewable power: 190.06 GW (302.26 %)<br>Emissions: 15,725.07 Kton CO<sub>2</sub> (75.63 %)<br>Imported energy: 71.35 GWh<br>Exported energy: -42573.54 GWh<br>Net cost: 12,575.85 M€<br>Dumped energy cost: 1,401.82 M€<br>Power PV: 60.79 GW (60540.33702664022)<br>Power wind: 95.15 GW (94726.75198166666)<br>Power CSP: 3.05 GW (745.5101835583664)<br>Match demand = 40,487.72 GWh<br>Minimize cost = 4.18 c€/kWh<br>"
